model_id,model
1,X.1004.BG98
2,X.1004.biib
3,X.1004.BK20
4,X.1004.BY19
5,X.1004.BY19.LE11
6,X.1004.BY19.LJ16
7,X.1004.CG97
8,X.1004.CL57
9,X.1004.HD01
10,X.1004.IN24
11,X.1004.LE11
12,X.1004.LE11.evus
13,X.1004.LF02
14,X.1004.LF27.evus
15,X.1004.LJ16
16,X.1004.LJ16.trab
17,X.1004.LK36
18,X.1004.LL71
19,X.1004.pael
20,X.1004.taen
21,X.1004.trab
22,X.1004.uned
23,X.1008.BG98
24,X.1008.biib
25,X.1008.BK20
26,X.1008.BY19
27,X.1008.BY19.LE11
28,X.1008.BY19.LJ16
29,X.1008.CG97
30,X.1008.CL57
31,X.1008.HD01
32,X.1008.IN24
33,X.1008.LE11
34,X.1008.LE11.evus
35,X.1008.LF02
36,X.1008.LF27.evus
37,X.1008.LJ16
38,X.1008.LJ16.trab
39,X.1008.LK36
40,X.1008.LL71
41,X.1008.pael
42,X.1008.taen
43,X.1008.trab
44,X.1008.uned
45,X.1286.BG98
46,X.1286.biib
47,X.1286.BK20
48,X.1286.BY19
49,X.1286.BY19.LE11
50,X.1286.BY19.LJ16
51,X.1286.CG97
52,X.1286.CL57
53,X.1286.HD01
54,X.1286.IN24
55,X.1286.LE11
56,X.1286.LE11.evus
57,X.1286.LF02
58,X.1286.LF27.evus
59,X.1286.LJ16
60,X.1286.LJ16.trab
61,X.1286.LK36
62,X.1286.LL71
63,X.1286.pael
64,X.1286.taen
65,X.1286.trab
66,X.1286.uned
67,X.1298.BG98
68,X.1298.biib
69,X.1298.BK20
70,X.1298.BY19
71,X.1298.BY19.LE11
72,X.1298.BY19.LJ16
73,X.1298.CG97
74,X.1298.CL57
75,X.1298.HD01
76,X.1298.IN24
77,X.1298.LE11
78,X.1298.LE11.evus
79,X.1298.LF02
80,X.1298.LF27.evus
81,X.1298.LJ16
82,X.1298.LJ16.trab
83,X.1298.LK36
84,X.1298.LL71
85,X.1298.pael
86,X.1298.taen
87,X.1298.trab
88,X.1298.uned
89,X.1349.LF27.evus
90,X.1371.BG98
91,X.1371.biib
92,X.1371.BK20
93,X.1371.BY19
94,X.1371.BY19.LE11
95,X.1371.BY19.LJ16
96,X.1371.CG97
97,X.1371.CL57
98,X.1371.HD01
99,X.1371.IN24
100,X.1371.LE11
101,X.1371.LF02
102,X.1371.LF27.evus
103,X.1371.LJ16
104,X.1371.LJ16.trab
105,X.1371.LK36
106,X.1371.LL71
107,X.1371.pael
108,X.1371.taen
109,X.1371.trab
110,X.1371.uned
111,X.1383.BG98
112,X.1383.biib
113,X.1383.BK20
114,X.1383.BY19
115,X.1383.BY19.LE11
116,X.1383.BY19.LJ16
117,X.1383.CG97
118,X.1383.CL57
119,X.1383.HD01
120,X.1383.IN24
121,X.1383.LE11
122,X.1383.LE11.evus
123,X.1383.LF02
124,X.1383.LF27.evus
125,X.1383.LJ16
126,X.1383.LJ16.trab
127,X.1383.LK36
128,X.1383.LL71
129,X.1383.pael
130,X.1383.taen
131,X.1383.trab
132,X.1383.uned
133,X.1407.BG98
134,X.1407.biib
135,X.1407.BK20
136,X.1407.BY19
137,X.1407.BY19.LE11
138,X.1407.BY19.LJ16
139,X.1407.CG97
140,X.1407.CL57
141,X.1407.HD01
142,X.1407.IN24
143,X.1407.LE11
144,X.1407.LE11.evus
145,X.1407.LF02
146,X.1407.LF27.evus
147,X.1407.LJ16
148,X.1407.LJ16.trab
149,X.1407.LK36
150,X.1407.LL71
151,X.1407.pael
152,X.1407.taen
153,X.1407.trab
154,X.1407.uned
155,X.1468.BG98
156,X.1468.biib
157,X.1468.BK20
158,X.1468.BY19
159,X.1468.BY19.LE11
160,X.1468.BY19.LJ16
161,X.1468.CG97
162,X.1468.CL57
163,X.1468.HD01
164,X.1468.IN24
165,X.1468.LE11
166,X.1468.LE11.evus
167,X.1468.LF02
168,X.1468.LF27.evus
169,X.1468.LJ16
170,X.1468.LJ16.trab
171,X.1468.LK36
172,X.1468.LL71
173,X.1468.pael
174,X.1468.taen
175,X.1468.trab
176,X.1468.uned
177,X.1600.BG98
178,X.1600.biib
179,X.1600.BK20
180,X.1600.BY19
181,X.1600.BY19.LE11
182,X.1600.BY19.LJ16
183,X.1600.CG97
184,X.1600.CL57
185,X.1600.HD01
186,X.1600.IN24
187,X.1600.LE11
188,X.1600.LE11.evus
189,X.1600.LF02
190,X.1600.LF27.evus
191,X.1600.LJ16
192,X.1600.LJ16.trab
193,X.1600.LK36
194,X.1600.LL71
195,X.1600.pael
196,X.1600.taen
197,X.1600.trab
198,X.1600.uned
199,X.1631.BG98
200,X.1631.biib
201,X.1631.BK20
202,X.1631.BY19
203,X.1631.BY19.LE11
204,X.1631.BY19.LJ16
205,X.1631.CG97
206,X.1631.CL57
207,X.1631.HD01
208,X.1631.LE11
209,X.1631.LE11.evus
210,X.1631.LF02
211,X.1631.LJ16
212,X.1631.LJ16.trab
213,X.1631.LK36
214,X.1631.LL71
215,X.1631.pael
216,X.1631.taen
217,X.1631.trab
218,X.1631.uned
219,X.1828.BG98
220,X.1828.biib
221,X.1828.BK20
222,X.1828.BY19
223,X.1828.BY19.LE11
224,X.1828.BY19.LJ16
225,X.1828.CG97
226,X.1828.CL57
227,X.1828.HD01
228,X.1828.IN24
229,X.1828.LE11
230,X.1828.LE11.evus
231,X.1828.LF02
232,X.1828.LJ16
233,X.1828.LJ16.trab
234,X.1828.LK36
235,X.1828.LL71
236,X.1828.pael
237,X.1828.taen
238,X.1828.trab
239,X.1828.uned
240,X.1832.BG98
241,X.1832.biib
242,X.1832.BK20
243,X.1832.BY19
244,X.1832.BY19.LE11
245,X.1832.BY19.LJ16
246,X.1832.CG97
247,X.1832.CL57
248,X.1832.HD01
249,X.1832.IN24
250,X.1832.LE11
251,X.1832.LE11.evus
252,X.1832.LF02
253,X.1832.LF27.evus
254,X.1832.LJ16
255,X.1832.LJ16.trab
256,X.1832.LK36
257,X.1832.LL71
258,X.1832.pael
259,X.1832.taen
260,X.1832.trab
261,X.1832.uned
262,X.1916.BG98
263,X.1916.biib
264,X.1916.BK20
265,X.1916.BY19
266,X.1916.BY19.LE11
267,X.1916.BY19.LJ16
268,X.1916.CG97
269,X.1916.CL57
270,X.1916.HD01
271,X.1916.IN24
272,X.1916.LE11
273,X.1916.LE11.evus
274,X.1916.LF02
275,X.1916.LF27.evus
276,X.1916.LJ16
277,X.1916.LJ16.trab
278,X.1916.LK36
279,X.1916.LL71
280,X.1916.pael
281,X.1916.taen
282,X.1916.trab
283,X.1916.uned
284,X.1921.BG98
285,X.1921.biib
286,X.1921.BK20
287,X.1921.BY19
288,X.1921.BY19.LE11
289,X.1921.BY19.LJ16
290,X.1921.CG97
291,X.1921.CL57
292,X.1921.HD01
293,X.1921.IN24
294,X.1921.LE11
295,X.1921.LE11.evus
296,X.1921.LF02
297,X.1921.LF27.evus
298,X.1921.LJ16
299,X.1921.LJ16.trab
300,X.1921.LK36
301,X.1921.LL71
302,X.1921.pael
303,X.1921.taen
304,X.1921.trab
305,X.1921.uned
306,X.2127.LF27.evus
307,X.2195.BG98
308,X.2195.biib
309,X.2195.BK20
310,X.2195.BY19
311,X.2195.BY19.LE11
312,X.2195.BY19.LJ16
313,X.2195.CG97
314,X.2195.CL57
315,X.2195.HD01
316,X.2195.IN24
317,X.2195.LE11
318,X.2195.LE11.evus
319,X.2195.LF02
320,X.2195.LJ16
321,X.2195.LJ16.trab
322,X.2195.LK36
323,X.2195.LL71
324,X.2195.pael
325,X.2195.taen
326,X.2195.trab
327,X.2195.uned
328,X.2344.BG98
329,X.2344.biib
330,X.2344.BK20
331,X.2344.BY19
332,X.2344.BY19.LE11
333,X.2344.BY19.LJ16
334,X.2344.CG97
335,X.2344.CL57
336,X.2344.HD01
337,X.2344.IN24
338,X.2344.LE11
339,X.2344.LE11.evus
340,X.2344.LF02
341,X.2344.LF27.evus
342,X.2344.LJ16
343,X.2344.LJ16.trab
344,X.2344.LK36
345,X.2344.LL71
346,X.2344.pael
347,X.2344.taen
348,X.2344.trab
349,X.2344.uned
350,X.2353.BG98
351,X.2353.biib
352,X.2353.BK20
353,X.2353.BY19
354,X.2353.BY19.LE11
355,X.2353.BY19.LJ16
356,X.2353.CG97
357,X.2353.CL57
358,X.2353.HD01
359,X.2353.IN24
360,X.2353.LE11
361,X.2353.LE11.evus
362,X.2353.LF02
363,X.2353.LF27.evus
364,X.2353.LJ16
365,X.2353.LJ16.trab
366,X.2353.LK36
367,X.2353.LL71
368,X.2353.pael
369,X.2353.taen
370,X.2353.trab
371,X.2353.uned
372,X.2487.BG98
373,X.2487.biib
374,X.2487.BK20
375,X.2487.BY19
376,X.2487.BY19.LE11
377,X.2487.BY19.LJ16
378,X.2487.CG97
379,X.2487.CL57
380,X.2487.HD01
381,X.2487.IN24
382,X.2487.LE11
383,X.2487.LE11.evus
384,X.2487.LF02
385,X.2487.LF27.evus
386,X.2487.LJ16
387,X.2487.LJ16.trab
388,X.2487.LK36
389,X.2487.LL71
390,X.2487.pael
391,X.2487.taen
392,X.2487.trab
393,X.2487.uned
394,X.2524.BG98
395,X.2524.biib
396,X.2524.BK20
397,X.2524.BY19
398,X.2524.BY19.LE11
399,X.2524.BY19.LJ16
400,X.2524.CG97
401,X.2524.CL57
402,X.2524.HD01
403,X.2524.IN24
404,X.2524.LE11
405,X.2524.LE11.evus
406,X.2524.LF02
407,X.2524.LF27.evus
408,X.2524.LJ16
409,X.2524.LJ16.trab
410,X.2524.LK36
411,X.2524.LL71
412,X.2524.pael
413,X.2524.taen
414,X.2524.trab
415,X.2524.uned
416,X.2640.BG98
417,X.2640.biib
418,X.2640.BK20
419,X.2640.BY19
420,X.2640.BY19.LE11
421,X.2640.BY19.LJ16
422,X.2640.CG97
423,X.2640.CL57
424,X.2640.HD01
425,X.2640.IN24
426,X.2640.LE11
427,X.2640.LE11.evus
428,X.2640.LF02
429,X.2640.LF27.evus
430,X.2640.LJ16
431,X.2640.LJ16.trab
432,X.2640.LK36
433,X.2640.LL71
434,X.2640.pael
435,X.2640.taen
436,X.2640.trab
437,X.2640.uned
438,X.2780.BG98
439,X.2780.biib
440,X.2780.BK20
441,X.2780.BY19
442,X.2780.BY19.LE11
443,X.2780.BY19.LJ16
444,X.2780.CG97
445,X.2780.CL57
446,X.2780.HD01
447,X.2780.IN24
448,X.2780.LE11
449,X.2780.LE11.evus
450,X.2780.LF02
451,X.2780.LF27.evus
452,X.2780.LJ16
453,X.2780.LJ16.trab
454,X.2780.LK36
455,X.2780.LL71
456,X.2780.pael
457,X.2780.taen
458,X.2780.trab
459,X.2780.uned
460,X.3077.BG98
461,X.3077.biib
462,X.3077.BK20
463,X.3077.BY19
464,X.3077.BY19.LE11
465,X.3077.BY19.LJ16
466,X.3077.CG97
467,X.3077.CL57
468,X.3077.HD01
469,X.3077.IN24
470,X.3077.LE11
471,X.3077.LE11.evus
472,X.3077.LF02
473,X.3077.LF27.evus
474,X.3077.LJ16
475,X.3077.LJ16.trab
476,X.3077.LK36
477,X.3077.LL71
478,X.3077.pael
479,X.3077.taen
480,X.3077.trab
481,X.3077.uned
482,X.3078.BG98
483,X.3078.biib
484,X.3078.BK20
485,X.3078.BY19
486,X.3078.BY19.LE11
487,X.3078.BY19.LJ16
488,X.3078.CG97
489,X.3078.CL57
490,X.3078.HD01
491,X.3078.IN24
492,X.3078.LE11
493,X.3078.LE11.evus
494,X.3078.LF02
495,X.3078.LF27.evus
496,X.3078.LJ16
497,X.3078.LJ16.trab
498,X.3078.LK36
499,X.3078.LL71
500,X.3078.pael
501,X.3078.taen
502,X.3078.trab
503,X.3078.uned
504,X.3201.BG98
505,X.3201.biib
506,X.3201.BK20
507,X.3201.BY19
508,X.3201.BY19.LE11
509,X.3201.BY19.LJ16
510,X.3201.CG97
511,X.3201.CL57
512,X.3201.HD01
513,X.3201.IN24
514,X.3201.LE11
515,X.3201.LE11.evus
516,X.3201.LF02
517,X.3201.LF27.evus
518,X.3201.LJ16
519,X.3201.LJ16.trab
520,X.3201.LK36
521,X.3201.LL71
522,X.3201.pael
523,X.3201.taen
524,X.3201.trab
525,X.3201.uned
526,X.3298.BG98
527,X.3298.biib
528,X.3298.BK20
529,X.3298.BY19
530,X.3298.BY19.LE11
531,X.3298.BY19.LJ16
532,X.3298.CG97
533,X.3298.CL57
534,X.3298.HD01
535,X.3298.IN24
536,X.3298.LE11
537,X.3298.LE11.evus
538,X.3298.LF02
539,X.3298.LJ16
540,X.3298.LJ16.trab
541,X.3298.LK36
542,X.3298.LL71
543,X.3298.pael
544,X.3298.taen
545,X.3298.trab
546,X.3298.uned
547,X.3450.BG98
548,X.3450.biib
549,X.3450.BK20
550,X.3450.BY19
551,X.3450.BY19.LE11
552,X.3450.BY19.LJ16
553,X.3450.CG97
554,X.3450.CL57
555,X.3450.HD01
556,X.3450.IN24
557,X.3450.LE11
558,X.3450.LE11.evus
559,X.3450.LF02
560,X.3450.LF27.evus
561,X.3450.LJ16
562,X.3450.LJ16.trab
563,X.3450.LK36
564,X.3450.LL71
565,X.3450.pael
566,X.3450.taen
567,X.3450.trab
568,X.3450.uned
569,X.3453.LF27.evus
570,X.3468.BG98
571,X.3468.biib
572,X.3468.BK20
573,X.3468.BY19
574,X.3468.BY19.LE11
575,X.3468.BY19.LJ16
576,X.3468.CG97
577,X.3468.CL57
578,X.3468.HD01
579,X.3468.IN24
580,X.3468.LE11
581,X.3468.LE11.evus
582,X.3468.LF02
583,X.3468.LF27.evus
584,X.3468.LJ16
585,X.3468.LJ16.trab
586,X.3468.LK36
587,X.3468.LL71
588,X.3468.pael
589,X.3468.taen
590,X.3468.trab
591,X.3468.uned
592,X.3697.BG98
593,X.3697.biib
594,X.3697.BK20
595,X.3697.BY19
596,X.3697.BY19.LE11
597,X.3697.BY19.LJ16
598,X.3697.CG97
599,X.3697.CL57
600,X.3697.HD01
601,X.3697.IN24
602,X.3697.LE11
603,X.3697.LE11.evus
604,X.3697.LF02
605,X.3697.LJ16
606,X.3697.LJ16.trab
607,X.3697.LK36
608,X.3697.LL71
609,X.3697.pael
610,X.3697.taen
611,X.3697.trab
612,X.3697.uned
613,X.3873.BG98
614,X.3873.biib
615,X.3873.BK20
616,X.3873.BY19
617,X.3873.BY19.LE11
618,X.3873.BY19.LJ16
619,X.3873.CG97
620,X.3873.CL57
621,X.3873.HD01
622,X.3873.IN24
623,X.3873.LE11
624,X.3873.LE11.evus
625,X.3873.LF02
626,X.3873.LF27.evus
627,X.3873.LJ16
628,X.3873.LJ16.trab
629,X.3873.LK36
630,X.3873.LL71
631,X.3873.pael
632,X.3873.taen
633,X.3873.trab
634,X.3873.uned
635,X.4347.BG98
636,X.4347.biib
637,X.4347.BK20
638,X.4347.BY19
639,X.4347.BY19.LE11
640,X.4347.BY19.LJ16
641,X.4347.CG97
642,X.4347.CL57
643,X.4347.HD01
644,X.4347.IN24
645,X.4347.LE11
646,X.4347.LE11.evus
647,X.4347.LF02
648,X.4347.LF27.evus
649,X.4347.LJ16
650,X.4347.LJ16.trab
651,X.4347.LK36
652,X.4347.LL71
653,X.4347.pael
654,X.4347.taen
655,X.4347.trab
656,X.4347.uned
657,X.4567.BG98
658,X.4567.biib
659,X.4567.BK20
660,X.4567.BY19
661,X.4567.BY19.LE11
662,X.4567.BY19.LJ16
663,X.4567.CG97
664,X.4567.CL57
665,X.4567.HD01
666,X.4567.IN24
667,X.4567.LE11
668,X.4567.LE11.evus
669,X.4567.LF02
670,X.4567.LF27.evus
671,X.4567.LJ16
672,X.4567.LJ16.trab
673,X.4567.LK36
674,X.4567.LL71
675,X.4567.pael
676,X.4567.taen
677,X.4567.trab
678,X.4567.uned
679,X.4824.BG98
680,X.4824.biib
681,X.4824.BK20
682,X.4824.BY19
683,X.4824.BY19.LE11
684,X.4824.BY19.LJ16
685,X.4824.CG97
686,X.4824.CL57
687,X.4824.HD01
688,X.4824.IN24
689,X.4824.LE11
690,X.4824.LE11.evus
691,X.4824.LF02
692,X.4824.LJ16
693,X.4824.LJ16.trab
694,X.4824.LK36
695,X.4824.LL71
696,X.4824.pael
697,X.4824.taen
698,X.4824.trab
699,X.4824.uned
700,X.4888.BG98
701,X.4888.biib
702,X.4888.BK20
703,X.4888.BY19
704,X.4888.BY19.LE11
705,X.4888.BY19.LJ16
706,X.4888.CG97
707,X.4888.CL57
708,X.4888.HD01
709,X.4888.IN24
710,X.4888.LE11
711,X.4888.LE11.evus
712,X.4888.LF02
713,X.4888.LF27.evus
714,X.4888.LJ16
715,X.4888.LJ16.trab
716,X.4888.LK36
717,X.4888.LL71
718,X.4888.pael
719,X.4888.taen
720,X.4888.trab
721,X.4888.uned
722,X.4949.BG98
723,X.4949.biib
724,X.4949.BK20
725,X.4949.BY19
726,X.4949.BY19.LE11
727,X.4949.BY19.LJ16
728,X.4949.CG97
729,X.4949.CL57
730,X.4949.HD01
731,X.4949.IN24
732,X.4949.LE11
733,X.4949.LE11.evus
734,X.4949.LF02
735,X.4949.LJ16
736,X.4949.LJ16.trab
737,X.4949.LK36
738,X.4949.LL71
739,X.4949.pael
740,X.4949.taen
741,X.4949.trab
742,X.4949.uned
743,X.5249.BG98
744,X.5249.biib
745,X.5249.BK20
746,X.5249.BY19
747,X.5249.BY19.LE11
748,X.5249.BY19.LJ16
749,X.5249.CG97
750,X.5249.CL57
751,X.5249.HD01
752,X.5249.IN24
753,X.5249.LE11
754,X.5249.LE11.evus
755,X.5249.LF02
756,X.5249.LF27.evus
757,X.5249.LJ16
758,X.5249.LJ16.trab
759,X.5249.LK36
760,X.5249.LL71
761,X.5249.pael
762,X.5249.taen
763,X.5249.trab
764,X.5249.uned
765,X.5355.BG98
766,X.5355.biib
767,X.5355.BK20
768,X.5355.BY19
769,X.5355.BY19.LE11
770,X.5355.BY19.LJ16
771,X.5355.CG97
772,X.5355.CL57
773,X.5355.HD01
774,X.5355.IN24
775,X.5355.LE11
776,X.5355.LE11.evus
777,X.5355.LF02
778,X.5355.LF27.evus
779,X.5355.LJ16
780,X.5355.LJ16.trab
781,X.5355.LK36
782,X.5355.LL71
783,X.5355.pael
784,X.5355.taen
785,X.5355.trab
786,X.5355.uned
787,X.5502.BG98
788,X.5502.biib
789,X.5502.BK20
790,X.5502.BY19
791,X.5502.BY19.LE11
792,X.5502.BY19.LJ16
793,X.5502.CG97
794,X.5502.CL57
795,X.5502.HD01
796,X.5502.IN24
797,X.5502.LE11
798,X.5502.LE11.evus
799,X.5502.LF02
800,X.5502.LF27.evus
801,X.5502.LJ16
802,X.5502.LJ16.trab
803,X.5502.LK36
804,X.5502.LL71
805,X.5502.pael
806,X.5502.taen
807,X.5502.trab
808,X.5502.uned
809,X.5541.LF27.evus
810,X.5975.BG98
811,X.5975.biib
812,X.5975.BK20
813,X.5975.BY19
814,X.5975.BY19.LE11
815,X.5975.BY19.LJ16
816,X.5975.CG97
817,X.5975.CL57
818,X.5975.HD01
819,X.5975.IN24
820,X.5975.LE11
821,X.5975.LE11.evus
822,X.5975.LF02
823,X.5975.LJ16
824,X.5975.LK36
825,X.5975.LL71
826,X.5975.pael
827,X.5975.taen
828,X.5975.uned
829,X.6047.BG98
830,X.6047.biib
831,X.6047.BK20
832,X.6047.BY19
833,X.6047.BY19.LE11
834,X.6047.BY19.LJ16
835,X.6047.CG97
836,X.6047.CL57
837,X.6047.HD01
838,X.6047.IN24
839,X.6047.LE11
840,X.6047.LE11.evus
841,X.6047.LF02
842,X.6047.LJ16
843,X.6047.LJ16.trab
844,X.6047.LK36
845,X.6047.LL71
846,X.6047.pael
847,X.6047.taen
848,X.6047.trab
849,X.6047.uned
850,X.1655.biib
851,X.1655.BK20
852,X.1655.BK20.enib
853,X.1655.CG97
854,X.1655.CL57
855,X.1655.dane
856,X.1655.enib
857,X.1655.enib.biib
858,X.1655.LD25
859,X.1655.LD78
860,X.1655.LE11
861,X.1655.LE11.biib
862,X.1655.LE11.enib
863,X.1655.LG13
864,X.1655.TA66
865,X.1655.uned
866,X.1655.WN74
867,X.1906.biib
868,X.1906.BK20
869,X.1906.BK20.enib
870,X.1906.CG97
871,X.1906.CL57
872,X.1906.dane
873,X.1906.enib
874,X.1906.enib.biib
875,X.1906.LD25
876,X.1906.LD78
877,X.1906.LE11
878,X.1906.LE11.biib
879,X.1906.LE11.enib
880,X.1906.LG13
881,X.1906.TA66
882,X.1906.uned
883,X.1906.WN74
884,X.2163.biib
885,X.2163.BK20
886,X.2163.BK20.enib
887,X.2163.CG97
888,X.2163.CL57
889,X.2163.dane
890,X.2163.enib
891,X.2163.enib.biib
892,X.2163.LD25
893,X.2163.LD78
894,X.2163.LE11
895,X.2163.LE11.biib
896,X.2163.LE11.enib
897,X.2163.LG13
898,X.2163.TA66
899,X.2163.uned
900,X.2163.WN74
901,X.2306.biib
902,X.2306.BK20
903,X.2306.BK20.enib
904,X.2306.CG97
905,X.2306.CL57
906,X.2306.dane
907,X.2306.enib
908,X.2306.enib.biib
909,X.2306.LD25
910,X.2306.LD78
911,X.2306.LE11
912,X.2306.LE11.biib
913,X.2306.LE11.enib
914,X.2306.LG13
915,X.2306.TA66
916,X.2306.uned
917,X.2306.WN74
918,X.2602.biib
919,X.2602.BK20
920,X.2602.BK20.enib
921,X.2602.CG97
922,X.2602.dane
923,X.2602.enib
924,X.2602.enib.biib
925,X.2602.LD25
926,X.2602.LD78
927,X.2602.LE11
928,X.2602.LE11.enib
929,X.2602.LG13
930,X.2602.TA66
931,X.2602.uned
932,X.2602.WN74
933,X.2613.biib
934,X.2613.BK20
935,X.2613.BK20.enib
936,X.2613.CG97
937,X.2613.CL57
938,X.2613.dane
939,X.2613.enib
940,X.2613.enib.biib
941,X.2613.LD25
942,X.2613.LD78
943,X.2613.LE11
944,X.2613.LE11.biib
945,X.2613.LE11.enib
946,X.2613.LG13
947,X.2613.TA66
948,X.2613.uned
949,X.2613.WN74
950,X.2700.biib
951,X.2700.BK20
952,X.2700.BK20.enib
953,X.2700.CG97
954,X.2700.CL57
955,X.2700.dane
956,X.2700.enib
957,X.2700.enib.biib
958,X.2700.LD25
959,X.2700.LD78
960,X.2700.LE11
961,X.2700.LE11.biib
962,X.2700.LE11.enib
963,X.2700.LG13
964,X.2700.TA66
965,X.2700.uned
966,X.2700.WN74
967,X.2723.biib
968,X.2723.BK20
969,X.2723.BK20.enib
970,X.2723.CG97
971,X.2723.CL57
972,X.2723.dane
973,X.2723.enib
974,X.2723.enib.biib
975,X.2723.LD25
976,X.2723.LD78
977,X.2723.LE11
978,X.2723.LE11.biib
979,X.2723.LE11.enib
980,X.2723.LG13
981,X.2723.TA66
982,X.2723.uned
983,X.2723.WN74
984,X.2753.biib
985,X.2753.BK20
986,X.2753.BK20.enib
987,X.2753.CG97
988,X.2753.CL57
989,X.2753.dane
990,X.2753.enib
991,X.2753.enib.biib
992,X.2753.LD25
993,X.2753.LD78
994,X.2753.LE11
995,X.2753.LE11.biib
996,X.2753.LE11.enib
997,X.2753.LG13
998,X.2753.TA66
999,X.2753.uned
1000,X.2753.WN74
1001,X.2838.biib
1002,X.2838.BK20
1003,X.2838.BK20.enib
1004,X.2838.CG97
1005,X.2838.CL57
1006,X.2838.dane
1007,X.2838.enib
1008,X.2838.enib.biib
1009,X.2838.LD25
1010,X.2838.LD78
1011,X.2838.LE11
1012,X.2838.LE11.biib
1013,X.2838.LE11.enib
1014,X.2838.LG13
1015,X.2838.TA66
1016,X.2838.uned
1017,X.2838.WN74
1018,X.2921.biib
1019,X.2921.BK20
1020,X.2921.BK20.enib
1021,X.2921.CG97
1022,X.2921.CL57
1023,X.2921.dane
1024,X.2921.enib
1025,X.2921.enib.biib
1026,X.2921.LD25
1027,X.2921.LD78
1028,X.2921.LE11
1029,X.2921.LE11.biib
1030,X.2921.LE11.enib
1031,X.2921.LG13
1032,X.2921.TA66
1033,X.2921.uned
1034,X.2921.WN74
1035,X.2992.biib
1036,X.2992.BK20
1037,X.2992.BK20.enib
1038,X.2992.CG97
1039,X.2992.CL57
1040,X.2992.dane
1041,X.2992.enib
1042,X.2992.enib.biib
1043,X.2992.LD25
1044,X.2992.LD78
1045,X.2992.LE11
1046,X.2992.LE11.biib
1047,X.2992.LE11.enib
1048,X.2992.LG13
1049,X.2992.TA66
1050,X.2992.uned
1051,X.2992.WN74
1052,X.3127.biib
1053,X.3127.BK20
1054,X.3127.BK20.enib
1055,X.3127.CG97
1056,X.3127.CL57
1057,X.3127.dane
1058,X.3127.enib
1059,X.3127.enib.biib
1060,X.3127.LD25
1061,X.3127.LD78
1062,X.3127.LE11
1063,X.3127.LE11.biib
1064,X.3127.LE11.enib
1065,X.3127.LG13
1066,X.3127.TA66
1067,X.3127.uned
1068,X.3127.WN74
1069,X.3211.biib
1070,X.3211.BK20
1071,X.3211.BK20.enib
1072,X.3211.CG97
1073,X.3211.CL57
1074,X.3211.dane
1075,X.3211.enib
1076,X.3211.enib.biib
1077,X.3211.LD25
1078,X.3211.LD78
1079,X.3211.LE11
1080,X.3211.LE11.biib
1081,X.3211.LE11.enib
1082,X.3211.LG13
1083,X.3211.TA66
1084,X.3211.uned
1085,X.3211.WN74
1086,X.3483.biib
1087,X.3483.BK20
1088,X.3483.BK20.enib
1089,X.3483.CG97
1090,X.3483.dane
1091,X.3483.enib
1092,X.3483.enib.biib
1093,X.3483.LD25
1094,X.3483.LD78
1095,X.3483.LE11
1096,X.3483.LE11.enib
1097,X.3483.LG13
1098,X.3483.TA66
1099,X.3483.uned
1100,X.3483.WN74
1101,X.3486.biib
1102,X.3486.BK20
1103,X.3486.BK20.enib
1104,X.3486.CG97
1105,X.3486.dane
1106,X.3486.enib
1107,X.3486.enib.biib
1108,X.3486.LD25
1109,X.3486.LD78
1110,X.3486.LE11
1111,X.3486.LE11.enib
1112,X.3486.LG13
1113,X.3486.TA66
1114,X.3486.uned
1115,X.3486.WN74
1116,X.3503.biib
1117,X.3503.BK20
1118,X.3503.BK20.enib
1119,X.3503.CG97
1120,X.3503.dane
1121,X.3503.enib
1122,X.3503.enib.biib
1123,X.3503.LD25
1124,X.3503.LD78
1125,X.3503.LE11
1126,X.3503.LE11.enib
1127,X.3503.LG13
1128,X.3503.TA66
1129,X.3503.uned
1130,X.3503.WN74
1131,X.3676.biib
1132,X.3676.BK20
1133,X.3676.BK20.enib
1134,X.3676.CG97
1135,X.3676.dane
1136,X.3676.enib
1137,X.3676.enib.biib
1138,X.3676.LD25
1139,X.3676.LD78
1140,X.3676.LE11
1141,X.3676.LE11.enib
1142,X.3676.LG13
1143,X.3676.TA66
1144,X.3676.uned
1145,X.3676.WN74
1146,X.3746.biib
1147,X.3746.BK20
1148,X.3746.BK20.enib
1149,X.3746.CG97
1150,X.3746.dane
1151,X.3746.enib
1152,X.3746.enib.biib
1153,X.3746.LD25
1154,X.3746.LD78
1155,X.3746.LE11
1156,X.3746.LE11.enib
1157,X.3746.LG13
1158,X.3746.TA66
1159,X.3746.uned
1160,X.3746.WN74
1161,X.3773.biib
1162,X.3773.BK20
1163,X.3773.BK20.enib
1164,X.3773.CG97
1165,X.3773.CL57
1166,X.3773.dane
1167,X.3773.enib
1168,X.3773.enib.biib
1169,X.3773.LD25
1170,X.3773.LD78
1171,X.3773.LE11
1172,X.3773.LE11.biib
1173,X.3773.LE11.enib
1174,X.3773.LG13
1175,X.3773.TA66
1176,X.3773.uned
1177,X.3773.WN74
1178,X.3851.biib
1179,X.3851.BK20
1180,X.3851.BK20.enib
1181,X.3851.CG97
1182,X.3851.CL57
1183,X.3851.dane
1184,X.3851.enib
1185,X.3851.enib.biib
1186,X.3851.LD25
1187,X.3851.LD78
1188,X.3851.LE11
1189,X.3851.LE11.biib
1190,X.3851.LE11.enib
1191,X.3851.LG13
1192,X.3851.TA66
1193,X.3851.uned
1194,X.3851.WN74
1195,X.3880.biib
1196,X.3880.BK20
1197,X.3880.BK20.enib
1198,X.3880.CG97
1199,X.3880.dane
1200,X.3880.enib
1201,X.3880.enib.biib
1202,X.3880.LD25
1203,X.3880.LD78
1204,X.3880.LE11
1205,X.3880.LE11.enib
1206,X.3880.LG13
1207,X.3880.TA66
1208,X.3880.uned
1209,X.3880.WN74
1210,X.4157.biib
1211,X.4157.BK20
1212,X.4157.BK20.enib
1213,X.4157.CG97
1214,X.4157.CL57
1215,X.4157.dane
1216,X.4157.enib
1217,X.4157.enib.biib
1218,X.4157.LD25
1219,X.4157.LD78
1220,X.4157.LE11
1221,X.4157.LE11.enib
1222,X.4157.LG13
1223,X.4157.TA66
1224,X.4157.uned
1225,X.4157.WN74
1226,X.4339.biib
1227,X.4339.BK20
1228,X.4339.BK20.enib
1229,X.4339.CG97
1230,X.4339.CL57
1231,X.4339.dane
1232,X.4339.enib
1233,X.4339.enib.biib
1234,X.4339.LD25
1235,X.4339.LD78
1236,X.4339.LE11
1237,X.4339.LE11.biib
1238,X.4339.LE11.enib
1239,X.4339.LG13
1240,X.4339.TA66
1241,X.4339.uned
1242,X.4339.WN74
1243,X.4426.biib
1244,X.4426.BK20
1245,X.4426.BK20.enib
1246,X.4426.CG97
1247,X.4426.dane
1248,X.4426.enib
1249,X.4426.enib.biib
1250,X.4426.LD25
1251,X.4426.LD78
1252,X.4426.LE11
1253,X.4426.LE11.enib
1254,X.4426.LG13
1255,X.4426.TA66
1256,X.4426.uned
1257,X.4426.WN74
1258,X.4455.biib
1259,X.4455.BK20
1260,X.4455.BK20.enib
1261,X.4455.CG97
1262,X.4455.CL57
1263,X.4455.dane
1264,X.4455.enib
1265,X.4455.enib.biib
1266,X.4455.LD25
1267,X.4455.LD78
1268,X.4455.LE11
1269,X.4455.LE11.enib
1270,X.4455.LG13
1271,X.4455.TA66
1272,X.4455.uned
1273,X.4455.WN74
1274,X.4530.biib
1275,X.4530.BK20
1276,X.4530.BK20.enib
1277,X.4530.CG97
1278,X.4530.enib
1279,X.4530.enib.biib
1280,X.4530.LD25
1281,X.4530.LD78
1282,X.4530.LE11
1283,X.4530.LE11.enib
1284,X.4530.LG13
1285,X.4530.TA66
1286,X.4530.uned
1287,X.4530.WN74
1288,X.4538.biib
1289,X.4538.BK20
1290,X.4538.BK20.enib
1291,X.4538.CG97
1292,X.4538.dane
1293,X.4538.enib
1294,X.4538.enib.biib
1295,X.4538.LD25
1296,X.4538.LD78
1297,X.4538.LE11
1298,X.4538.LE11.enib
1299,X.4538.LG13
1300,X.4538.TA66
1301,X.4538.uned
1302,X.4538.WN74
1303,X.4644.biib
1304,X.4644.BK20
1305,X.4644.BK20.enib
1306,X.4644.CG97
1307,X.4644.CL57
1308,X.4644.dane
1309,X.4644.enib
1310,X.4644.enib.biib
1311,X.4644.LD25
1312,X.4644.LD78
1313,X.4644.LE11
1314,X.4644.LE11.enib
1315,X.4644.LG13
1316,X.4644.TA66
1317,X.4644.uned
1318,X.4644.WN74
1319,X.4668.biib
1320,X.4668.BK20
1321,X.4668.BK20.enib
1322,X.4668.CG97
1323,X.4668.dane
1324,X.4668.enib
1325,X.4668.enib.biib
1326,X.4668.LD25
1327,X.4668.LD78
1328,X.4668.LE11
1329,X.4668.LE11.enib
1330,X.4668.LG13
1331,X.4668.TA66
1332,X.4668.uned
1333,X.4668.WN74
1334,X.4832.biib
1335,X.4832.BK20
1336,X.4832.BK20.enib
1337,X.4832.CG97
1338,X.4832.dane
1339,X.4832.enib
1340,X.4832.enib.biib
1341,X.4832.LD25
1342,X.4832.LD78
1343,X.4832.LE11
1344,X.4832.LE11.enib
1345,X.4832.LG13
1346,X.4832.TA66
1347,X.4832.uned
1348,X.4832.WN74
1349,X.4849.biib
1350,X.4849.BK20
1351,X.4849.BK20.enib
1352,X.4849.CG97
1353,X.4849.CL57
1354,X.4849.dane
1355,X.4849.enib
1356,X.4849.enib.biib
1357,X.4849.LD25
1358,X.4849.LD78
1359,X.4849.LE11
1360,X.4849.LE11.biib
1361,X.4849.LE11.enib
1362,X.4849.LG13
1363,X.4849.TA66
1364,X.4849.uned
1365,X.4849.WN74
1366,X.5189.biib
1367,X.5189.BK20
1368,X.5189.BK20.enib
1369,X.5189.CG97
1370,X.5189.CL57
1371,X.5189.dane
1372,X.5189.enib
1373,X.5189.enib.biib
1374,X.5189.LD25
1375,X.5189.LD78
1376,X.5189.LE11
1377,X.5189.LE11.biib
1378,X.5189.LE11.enib
1379,X.5189.LG13
1380,X.5189.TA66
1381,X.5189.uned
1382,X.5189.WN74
1383,X.1156.BG98
1384,X.1156.biib
1385,X.1156.BK20
1386,X.1156.BK20.biib
1387,X.1156.BY19
1388,X.1156.BY19.LG47
1389,X.1156.BY19.LJ16
1390,X.1156.ceab
1391,X.1156.CG97
1392,X.1156.CK20
1393,X.1156.CL57
1394,X.1156.erib
1395,X.1156.HD01
1396,X.1156.HS90
1397,X.1156.IN80
1398,X.1156.LC61.pael
1399,X.1156.LE11
1400,X.1156.LF27.biib
1401,X.1156.LG47
1402,X.1156.LL71
1403,X.1156.pael
1404,X.1156.uned
1405,X.1172.BG98
1406,X.1172.biib
1407,X.1172.BK20
1408,X.1172.BK20.biib
1409,X.1172.BY19
1410,X.1172.BY19.LG47
1411,X.1172.BY19.LJ16
1412,X.1172.ceab
1413,X.1172.CG97
1414,X.1172.CK20
1415,X.1172.CL57
1416,X.1172.erib
1417,X.1172.HD01
1418,X.1172.HS90
1419,X.1172.IN80
1420,X.1172.LC61.pael
1421,X.1172.LE11
1422,X.1172.LF27.biib
1423,X.1172.LG47
1424,X.1172.LL71
1425,X.1172.pael
1426,X.1172.uned
1427,X.1189.BG98
1428,X.1189.biib
1429,X.1189.BK20
1430,X.1189.BK20.biib
1431,X.1189.BY19
1432,X.1189.BY19.LG47
1433,X.1189.BY19.LJ16
1434,X.1189.ceab
1435,X.1189.CG97
1436,X.1189.CK20
1437,X.1189.CL57
1438,X.1189.erib
1439,X.1189.HD01
1440,X.1189.HS90
1441,X.1189.IN80
1442,X.1189.LC61.pael
1443,X.1189.LE11
1444,X.1189.LG47
1445,X.1189.LL71
1446,X.1189.pael
1447,X.1189.uned
1448,X.1228.BG98
1449,X.1228.biib
1450,X.1228.BK20
1451,X.1228.BK20.biib
1452,X.1228.BY19
1453,X.1228.BY19.LG47
1454,X.1228.BY19.LJ16
1455,X.1228.ceab
1456,X.1228.CG97
1457,X.1228.CK20
1458,X.1228.CL57
1459,X.1228.erib
1460,X.1228.HD01
1461,X.1228.HS90
1462,X.1228.IN80
1463,X.1228.LC61.pael
1464,X.1228.LE11
1465,X.1228.LF27.biib
1466,X.1228.LG47
1467,X.1228.LL71
1468,X.1228.pael
1469,X.1228.uned
1470,X.1323.BG98
1471,X.1323.biib
1472,X.1323.BK20
1473,X.1323.BK20.biib
1474,X.1323.BY19
1475,X.1323.BY19.LG47
1476,X.1323.BY19.LJ16
1477,X.1323.ceab
1478,X.1323.CG97
1479,X.1323.CK20
1480,X.1323.CL57
1481,X.1323.erib
1482,X.1323.HD01
1483,X.1323.HS90
1484,X.1323.IN80
1485,X.1323.LC61.pael
1486,X.1323.LE11
1487,X.1323.LF27.biib
1488,X.1323.LG47
1489,X.1323.LL71
1490,X.1323.pael
1491,X.1323.uned
1492,X.1442.BG98
1493,X.1442.biib
1494,X.1442.BK20
1495,X.1442.BK20.biib
1496,X.1442.BY19
1497,X.1442.BY19.LG47
1498,X.1442.BY19.LJ16
1499,X.1442.ceab
1500,X.1442.CG97
1501,X.1442.CK20
1502,X.1442.CL57
1503,X.1442.erib
1504,X.1442.HD01
1505,X.1442.HS90
1506,X.1442.IN80
1507,X.1442.LC61.pael
1508,X.1442.LE11
1509,X.1442.LG47
1510,X.1442.LL71
1511,X.1442.pael
1512,X.1442.uned
1513,X.1499.BG98
1514,X.1499.biib
1515,X.1499.BK20
1516,X.1499.BK20.biib
1517,X.1499.BY19
1518,X.1499.BY19.LG47
1519,X.1499.BY19.LJ16
1520,X.1499.ceab
1521,X.1499.CG97
1522,X.1499.CK20
1523,X.1499.CL57
1524,X.1499.erib
1525,X.1499.HD01
1526,X.1499.HS90
1527,X.1499.IN80
1528,X.1499.LC61.pael
1529,X.1499.LE11
1530,X.1499.LF27.biib
1531,X.1499.LG47
1532,X.1499.LL71
1533,X.1499.pael
1534,X.1499.uned
1535,X.1586.BG98
1536,X.1586.biib
1537,X.1586.BK20
1538,X.1586.BK20.biib
1539,X.1586.BY19
1540,X.1586.BY19.LG47
1541,X.1586.BY19.LJ16
1542,X.1586.ceab
1543,X.1586.CG97
1544,X.1586.CK20
1545,X.1586.CL57
1546,X.1586.erib
1547,X.1586.HD01
1548,X.1586.HS90
1549,X.1586.IN80
1550,X.1586.LC61.pael
1551,X.1586.LE11
1552,X.1586.LF27.biib
1553,X.1586.LG47
1554,X.1586.LL71
1555,X.1586.pael
1556,X.1586.uned
1557,X.1658.BG98
1558,X.1658.biib
1559,X.1658.BK20
1560,X.1658.BK20.biib
1561,X.1658.BY19
1562,X.1658.BY19.LG47
1563,X.1658.BY19.LJ16
1564,X.1658.ceab
1565,X.1658.CG97
1566,X.1658.CK20
1567,X.1658.CL57
1568,X.1658.erib
1569,X.1658.HD01
1570,X.1658.HS90
1571,X.1658.IN80
1572,X.1658.LC61.pael
1573,X.1658.LE11
1574,X.1658.LF27.biib
1575,X.1658.LG47
1576,X.1658.LL71
1577,X.1658.pael
1578,X.1658.uned
1579,X.1683.BG98
1580,X.1683.biib
1581,X.1683.BK20
1582,X.1683.BK20.biib
1583,X.1683.BY19
1584,X.1683.BY19.LG47
1585,X.1683.BY19.LJ16
1586,X.1683.ceab
1587,X.1683.CG97
1588,X.1683.CK20
1589,X.1683.CL57
1590,X.1683.erib
1591,X.1683.HD01
1592,X.1683.HS90
1593,X.1683.IN80
1594,X.1683.LC61.pael
1595,X.1683.LE11
1596,X.1683.LG47
1597,X.1683.LL71
1598,X.1683.pael
1599,X.1683.uned
1600,X.1725.BG98
1601,X.1725.biib
1602,X.1725.BK20
1603,X.1725.BK20.biib
1604,X.1725.BY19
1605,X.1725.BY19.LG47
1606,X.1725.BY19.LJ16
1607,X.1725.ceab
1608,X.1725.CG97
1609,X.1725.CK20
1610,X.1725.CL57
1611,X.1725.erib
1612,X.1725.HD01
1613,X.1725.HS90
1614,X.1725.IN80
1615,X.1725.LC61.pael
1616,X.1725.LE11
1617,X.1725.LF27.biib
1618,X.1725.LG47
1619,X.1725.LL71
1620,X.1725.pael
1621,X.1725.uned
1622,X.1787.BG98
1623,X.1787.biib
1624,X.1787.BK20
1625,X.1787.BK20.biib
1626,X.1787.BY19
1627,X.1787.BY19.LG47
1628,X.1787.BY19.LJ16
1629,X.1787.ceab
1630,X.1787.CG97
1631,X.1787.CK20
1632,X.1787.CL57
1633,X.1787.erib
1634,X.1787.HD01
1635,X.1787.HS90
1636,X.1787.IN80
1637,X.1787.LC61.pael
1638,X.1787.LE11
1639,X.1787.LF27.biib
1640,X.1787.LG47
1641,X.1787.LL71
1642,X.1787.pael
1643,X.1787.uned
1644,X.1795.LF27.biib
1645,X.1823.BG98
1646,X.1823.biib
1647,X.1823.BK20
1648,X.1823.BK20.biib
1649,X.1823.BY19
1650,X.1823.BY19.LG47
1651,X.1823.BY19.LJ16
1652,X.1823.ceab
1653,X.1823.CG97
1654,X.1823.CK20
1655,X.1823.CL57
1656,X.1823.erib
1657,X.1823.HD01
1658,X.1823.HS90
1659,X.1823.IN80
1660,X.1823.LC61.pael
1661,X.1823.LE11
1662,X.1823.LF27.biib
1663,X.1823.LG47
1664,X.1823.LL71
1665,X.1823.pael
1666,X.1823.uned
1667,X.1834.BG98
1668,X.1834.biib
1669,X.1834.BK20
1670,X.1834.BK20.biib
1671,X.1834.BY19
1672,X.1834.BY19.LG47
1673,X.1834.BY19.LJ16
1674,X.1834.ceab
1675,X.1834.CG97
1676,X.1834.CK20
1677,X.1834.CL57
1678,X.1834.erib
1679,X.1834.HD01
1680,X.1834.HS90
1681,X.1834.IN80
1682,X.1834.LC61.pael
1683,X.1834.LE11
1684,X.1834.LF27.biib
1685,X.1834.LG47
1686,X.1834.LL71
1687,X.1834.pael
1688,X.1834.uned
1689,X.1835.BG98
1690,X.1835.biib
1691,X.1835.BK20
1692,X.1835.BK20.biib
1693,X.1835.BY19
1694,X.1835.BY19.LG47
1695,X.1835.BY19.LJ16
1696,X.1835.ceab
1697,X.1835.CG97
1698,X.1835.CK20
1699,X.1835.CL57
1700,X.1835.erib
1701,X.1835.HD01
1702,X.1835.HS90
1703,X.1835.IN80
1704,X.1835.LC61.pael
1705,X.1835.LE11
1706,X.1835.LF27.biib
1707,X.1835.LG47
1708,X.1835.LL71
1709,X.1835.pael
1710,X.1835.uned
1711,X.1869.BG98
1712,X.1869.biib
1713,X.1869.BK20
1714,X.1869.BK20.biib
1715,X.1869.BY19
1716,X.1869.BY19.LG47
1717,X.1869.BY19.LJ16
1718,X.1869.ceab
1719,X.1869.CG97
1720,X.1869.CK20
1721,X.1869.CL57
1722,X.1869.erib
1723,X.1869.HD01
1724,X.1869.HS90
1725,X.1869.IN80
1726,X.1869.LC61.pael
1727,X.1869.LE11
1728,X.1869.LF27.biib
1729,X.1869.LG47
1730,X.1869.LL71
1731,X.1869.pael
1732,X.1869.uned
1733,X.1870.BG98
1734,X.1870.biib
1735,X.1870.BK20
1736,X.1870.BK20.biib
1737,X.1870.BY19
1738,X.1870.BY19.LG47
1739,X.1870.BY19.LJ16
1740,X.1870.ceab
1741,X.1870.CG97
1742,X.1870.CK20
1743,X.1870.CL57
1744,X.1870.erib
1745,X.1870.HD01
1746,X.1870.HS90
1747,X.1870.LC61.pael
1748,X.1870.LE11
1749,X.1870.LF27.biib
1750,X.1870.LG47
1751,X.1870.LL71
1752,X.1870.pael
1753,X.1870.uned
1754,X.1934.BG98
1755,X.1934.biib
1756,X.1934.BK20
1757,X.1934.BK20.biib
1758,X.1934.BY19
1759,X.1934.BY19.LG47
1760,X.1934.BY19.LJ16
1761,X.1934.ceab
1762,X.1934.CG97
1763,X.1934.CK20
1764,X.1934.CL57
1765,X.1934.erib
1766,X.1934.HD01
1767,X.1934.HS90
1768,X.1934.IN80
1769,X.1934.LC61.pael
1770,X.1934.LE11
1771,X.1934.LF27.biib
1772,X.1934.LG47
1773,X.1934.LL71
1774,X.1934.pael
1775,X.1934.uned
1776,X.1979.LF27.biib
1777,X.1980.BG98
1778,X.1980.biib
1779,X.1980.BK20
1780,X.1980.BK20.biib
1781,X.1980.BY19
1782,X.1980.BY19.LG47
1783,X.1980.BY19.LJ16
1784,X.1980.ceab
1785,X.1980.CG97
1786,X.1980.CK20
1787,X.1980.CL57
1788,X.1980.erib
1789,X.1980.HD01
1790,X.1980.HS90
1791,X.1980.IN80
1792,X.1980.LC61.pael
1793,X.1980.LE11
1794,X.1980.LF27.biib
1795,X.1980.LG47
1796,X.1980.LL71
1797,X.1980.pael
1798,X.1980.uned
1799,X.1993.BG98
1800,X.1993.biib
1801,X.1993.BK20
1802,X.1993.BK20.biib
1803,X.1993.BY19
1804,X.1993.BY19.LG47
1805,X.1993.BY19.LJ16
1806,X.1993.ceab
1807,X.1993.CG97
1808,X.1993.CK20
1809,X.1993.CL57
1810,X.1993.erib
1811,X.1993.HD01
1812,X.1993.HS90
1813,X.1993.IN80
1814,X.1993.LC61.pael
1815,X.1993.LE11
1816,X.1993.LF27.biib
1817,X.1993.LG47
1818,X.1993.LL71
1819,X.1993.pael
1820,X.1993.uned
1821,X.2017.BG98
1822,X.2017.biib
1823,X.2017.BK20
1824,X.2017.BK20.biib
1825,X.2017.BY19
1826,X.2017.BY19.LG47
1827,X.2017.BY19.LJ16
1828,X.2017.ceab
1829,X.2017.CG97
1830,X.2017.CK20
1831,X.2017.CL57
1832,X.2017.erib
1833,X.2017.HD01
1834,X.2017.HS90
1835,X.2017.IN80
1836,X.2017.LC61.pael
1837,X.2017.LE11
1838,X.2017.LF27.biib
1839,X.2017.LG47
1840,X.2017.LL71
1841,X.2017.pael
1842,X.2017.uned
1843,X.2042.BG98
1844,X.2042.biib
1845,X.2042.BK20
1846,X.2042.BK20.biib
1847,X.2042.BY19
1848,X.2042.BY19.LG47
1849,X.2042.BY19.LJ16
1850,X.2042.ceab
1851,X.2042.CG97
1852,X.2042.CK20
1853,X.2042.CL57
1854,X.2042.erib
1855,X.2042.HD01
1856,X.2042.HS90
1857,X.2042.IN80
1858,X.2042.LC61.pael
1859,X.2042.LE11
1860,X.2042.LF27.biib
1861,X.2042.LG47
1862,X.2042.LL71
1863,X.2042.pael
1864,X.2042.uned
1865,X.20508.LF27.biib
1866,X.20689.LF27.biib
1867,X.20810.LF27.biib
1868,X.2082.BG98
1869,X.2082.biib
1870,X.2082.BK20
1871,X.2082.BK20.biib
1872,X.2082.BY19
1873,X.2082.BY19.LG47
1874,X.2082.BY19.LJ16
1875,X.2082.ceab
1876,X.2082.CG97
1877,X.2082.CK20
1878,X.2082.CL57
1879,X.2082.erib
1880,X.2082.HD01
1881,X.2082.HS90
1882,X.2082.IN80
1883,X.2082.LC61.pael
1884,X.2082.LE11
1885,X.2082.LF27.biib
1886,X.2082.LG47
1887,X.2082.LL71
1888,X.2082.pael
1889,X.2082.uned
1890,X.2088.BG98
1891,X.2088.biib
1892,X.2088.BK20
1893,X.2088.BK20.biib
1894,X.2088.BY19
1895,X.2088.BY19.LG47
1896,X.2088.BY19.LJ16
1897,X.2088.ceab
1898,X.2088.CG97
1899,X.2088.CK20
1900,X.2088.CL57
1901,X.2088.erib
1902,X.2088.HD01
1903,X.2088.HS90
1904,X.2088.IN80
1905,X.2088.LC61.pael
1906,X.2088.LE11
1907,X.2088.LF27.biib
1908,X.2088.LG47
1909,X.2088.LL71
1910,X.2088.uned
1911,X.2094.BG98
1912,X.2094.biib
1913,X.2094.BK20
1914,X.2094.BK20.biib
1915,X.2094.BY19
1916,X.2094.BY19.LG47
1917,X.2094.BY19.LJ16
1918,X.2094.ceab
1919,X.2094.CG97
1920,X.2094.CK20
1921,X.2094.CL57
1922,X.2094.erib
1923,X.2094.HD01
1924,X.2094.HS90
1925,X.2094.IN80
1926,X.2094.LC61.pael
1927,X.2094.LE11
1928,X.2094.LF27.biib
1929,X.2094.LG47
1930,X.2094.LL71
1931,X.2094.pael
1932,X.2094.uned
1933,X.21617.LF27.biib
1934,X.3029.BG98
1935,X.3029.biib
1936,X.3029.BK20
1937,X.3029.BK20.biib
1938,X.3029.BY19
1939,X.3029.BY19.LG47
1940,X.3029.BY19.LJ16
1941,X.3029.ceab
1942,X.3029.CG97
1943,X.3029.CK20
1944,X.3029.CL57
1945,X.3029.erib
1946,X.3029.HD01
1947,X.3029.HS90
1948,X.3029.IN80
1949,X.3029.LC61.pael
1950,X.3029.LE11
1951,X.3029.LG47
1952,X.3029.LL71
1953,X.3029.pael
1954,X.3029.uned
1955,X.3237.BG98
1956,X.3237.biib
1957,X.3237.BK20
1958,X.3237.BK20.biib
1959,X.3237.BY19
1960,X.3237.BY19.LG47
1961,X.3237.BY19.LJ16
1962,X.3237.ceab
1963,X.3237.CG97
1964,X.3237.CK20
1965,X.3237.CL57
1966,X.3237.erib
1967,X.3237.HD01
1968,X.3237.HS90
1969,X.3237.IN80
1970,X.3237.LC61.pael
1971,X.3237.LE11
1972,X.3237.LF27.biib
1973,X.3237.LG47
1974,X.3237.LL71
1975,X.3237.pael
1976,X.3237.uned
1977,X.3843.BG98
1978,X.3843.biib
1979,X.3843.BK20
1980,X.3843.BK20.biib
1981,X.3843.BY19
1982,X.3843.BY19.LG47
1983,X.3843.BY19.LJ16
1984,X.3843.ceab
1985,X.3843.CG97
1986,X.3843.CK20
1987,X.3843.CL57
1988,X.3843.erib
1989,X.3843.HD01
1990,X.3843.HS90
1991,X.3843.IN80
1992,X.3843.LC61.pael
1993,X.3843.LE11
1994,X.3843.LF27.biib
1995,X.3843.LG47
1996,X.3843.LL71
1997,X.3843.pael
1998,X.3843.uned
1999,X.4819.BG98
2000,X.4819.biib
2001,X.4819.BK20
2002,X.4819.BK20.biib
2003,X.4819.BY19
2004,X.4819.BY19.LG47
2005,X.4819.BY19.LJ16
2006,X.4819.ceab
2007,X.4819.CG97
2008,X.4819.CK20
2009,X.4819.CL57
2010,X.4819.erib
2011,X.4819.HD01
2012,X.4819.HS90
2013,X.4819.IN80
2014,X.4819.LC61.pael
2015,X.4819.LE11
2016,X.4819.LF27.biib
2017,X.4819.LG47
2018,X.4819.LL71
2019,X.4819.pael
2020,X.4819.uned
2021,X.5267.LF27.biib
2022,X.0933.5FFU
2023,X.0933.biib
2024,X.0933.BK20
2025,X.0933.BK20.LJ49
2026,X.0933.BY19
2027,X.0933.BY19.biib
2028,X.0933.BY19.ceab
2029,X.0933.BY19.ceab.enib
2030,X.0933.BY19.enib
2031,X.0933.BY19.LJ16
2032,X.0933.ceab
2033,X.0933.ceab.enib
2034,X.0933.CG97
2035,X.0933.CK20
2036,X.0933.CL57
2037,X.0933.enib
2038,X.0933.HD01
2039,X.0933.LE11
2040,X.0933.LF27.biib
2041,X.0933.LJ49
2042,X.0933.LK36
2043,X.0933.uned
2044,X.0988.LF27.biib
2045,X.0992.LF27.biib
2046,X.1027.5FFU
2047,X.1027.biib
2048,X.1027.BK20
2049,X.1027.BK20.LJ49
2050,X.1027.BY19
2051,X.1027.BY19.biib
2052,X.1027.BY19.ceab
2053,X.1027.BY19.ceab.enib
2054,X.1027.BY19.enib
2055,X.1027.BY19.LJ16
2056,X.1027.ceab
2057,X.1027.ceab.enib
2058,X.1027.CG97
2059,X.1027.CK20
2060,X.1027.CL57
2061,X.1027.enib
2062,X.1027.HD01
2063,X.1027.LE11
2064,X.1027.LJ49
2065,X.1027.LK36
2066,X.1027.uned
2067,X.1055.5FFU
2068,X.1055.biib
2069,X.1055.BK20
2070,X.1055.BK20.LJ49
2071,X.1055.BY19
2072,X.1055.BY19.biib
2073,X.1055.BY19.ceab
2074,X.1055.BY19.ceab.enib
2075,X.1055.BY19.enib
2076,X.1055.BY19.LJ16
2077,X.1055.ceab
2078,X.1055.ceab.enib
2079,X.1055.CG97
2080,X.1055.CK20
2081,X.1055.CL57
2082,X.1055.enib
2083,X.1055.HD01
2084,X.1055.LE11
2085,X.1055.LF27.biib
2086,X.1055.LJ49
2087,X.1055.LK36
2088,X.1055.uned
2089,X.1119.5FFU
2090,X.1119.biib
2091,X.1119.BK20
2092,X.1119.BK20.LJ49
2093,X.1119.BY19
2094,X.1119.BY19.biib
2095,X.1119.BY19.ceab
2096,X.1119.BY19.ceab.enib
2097,X.1119.BY19.enib
2098,X.1119.BY19.LJ16
2099,X.1119.ceab
2100,X.1119.ceab.enib
2101,X.1119.CG97
2102,X.1119.CK20
2103,X.1119.CL57
2104,X.1119.enib
2105,X.1119.HD01
2106,X.1119.LE11
2107,X.1119.LF27.biib
2108,X.1119.LJ49
2109,X.1119.LK36
2110,X.1119.uned
2111,X.1167.5FFU
2112,X.1167.biib
2113,X.1167.BK20
2114,X.1167.BK20.LJ49
2115,X.1167.BY19
2116,X.1167.BY19.biib
2117,X.1167.BY19.ceab
2118,X.1167.BY19.ceab.enib
2119,X.1167.BY19.enib
2120,X.1167.BY19.LJ16
2121,X.1167.ceab
2122,X.1167.ceab.enib
2123,X.1167.CG97
2124,X.1167.CK20
2125,X.1167.CL57
2126,X.1167.enib
2127,X.1167.HD01
2128,X.1167.LE11
2129,X.1167.LF27.biib
2130,X.1167.LJ49
2131,X.1167.LK36
2132,X.1167.uned
2133,X.1173.5FFU
2134,X.1173.biib
2135,X.1173.BK20
2136,X.1173.BK20.LJ49
2137,X.1173.BY19
2138,X.1173.BY19.biib
2139,X.1173.BY19.ceab
2140,X.1173.BY19.ceab.enib
2141,X.1173.BY19.enib
2142,X.1173.BY19.LJ16
2143,X.1173.ceab
2144,X.1173.ceab.enib
2145,X.1173.CG97
2146,X.1173.CK20
2147,X.1173.CL57
2148,X.1173.enib
2149,X.1173.HD01
2150,X.1173.LE11
2151,X.1173.LJ49
2152,X.1173.LK36
2153,X.1173.uned
2154,X.1210.LF27.biib
2155,X.1234.LF27.biib
2156,X.1256.LF27.biib
2157,X.1270.5FFU
2158,X.1270.biib
2159,X.1270.BK20
2160,X.1270.BK20.LJ49
2161,X.1270.BY19
2162,X.1270.BY19.biib
2163,X.1270.BY19.ceab
2164,X.1270.BY19.ceab.enib
2165,X.1270.BY19.enib
2166,X.1270.BY19.LJ16
2167,X.1270.ceab
2168,X.1270.ceab.enib
2169,X.1270.CG97
2170,X.1270.CK20
2171,X.1270.CL57
2172,X.1270.enib
2173,X.1270.HD01
2174,X.1270.LE11
2175,X.1270.LJ49
2176,X.1270.LK36
2177,X.1270.uned
2178,X.1290.5FFU
2179,X.1290.biib
2180,X.1290.BK20
2181,X.1290.BK20.LJ49
2182,X.1290.BY19
2183,X.1290.BY19.biib
2184,X.1290.BY19.ceab
2185,X.1290.BY19.ceab.enib
2186,X.1290.BY19.enib
2187,X.1290.BY19.LJ16
2188,X.1290.ceab
2189,X.1290.ceab.enib
2190,X.1290.CG97
2191,X.1290.CK20
2192,X.1290.CL57
2193,X.1290.enib
2194,X.1290.HD01
2195,X.1290.LE11
2196,X.1290.LF27.biib
2197,X.1290.LJ49
2198,X.1290.LK36
2199,X.1290.uned
2200,X.1303.5FFU
2201,X.1303.biib
2202,X.1303.BK20
2203,X.1303.BY19
2204,X.1303.BY19.biib
2205,X.1303.BY19.ceab
2206,X.1303.BY19.ceab.enib
2207,X.1303.BY19.LJ16
2208,X.1303.ceab
2209,X.1303.ceab.enib
2210,X.1303.CG97
2211,X.1303.CK20
2212,X.1303.CL57
2213,X.1303.enib
2214,X.1303.HD01
2215,X.1303.LE11
2216,X.1303.LF27.biib
2217,X.1303.LJ49
2218,X.1303.LK36
2219,X.1303.uned
2220,X.1310.LF27.biib
2221,X.1329.5FFU
2222,X.1329.biib
2223,X.1329.BK20
2224,X.1329.BK20.LJ49
2225,X.1329.BY19
2226,X.1329.BY19.biib
2227,X.1329.BY19.ceab
2228,X.1329.BY19.ceab.enib
2229,X.1329.BY19.enib
2230,X.1329.BY19.LJ16
2231,X.1329.ceab
2232,X.1329.ceab.enib
2233,X.1329.CG97
2234,X.1329.CK20
2235,X.1329.CL57
2236,X.1329.enib
2237,X.1329.HD01
2238,X.1329.LE11
2239,X.1329.LF27.biib
2240,X.1329.LJ49
2241,X.1329.LK36
2242,X.1329.uned
2243,X.1333.LF27.biib
2244,X.1402.LF27.biib
2245,X.1441.5FFU
2246,X.1441.biib
2247,X.1441.BK20
2248,X.1441.BK20.LJ49
2249,X.1441.BY19
2250,X.1441.BY19.biib
2251,X.1441.BY19.ceab
2252,X.1441.BY19.ceab.enib
2253,X.1441.BY19.enib
2254,X.1441.BY19.LJ16
2255,X.1441.ceab
2256,X.1441.ceab.enib
2257,X.1441.CG97
2258,X.1441.CK20
2259,X.1441.CL57
2260,X.1441.enib
2261,X.1441.HD01
2262,X.1441.LE11
2263,X.1441.LJ49
2264,X.1441.LK36
2265,X.1441.uned
2266,X.1443.5FFU
2267,X.1443.biib
2268,X.1443.BK20
2269,X.1443.BK20.LJ49
2270,X.1443.BY19
2271,X.1443.BY19.biib
2272,X.1443.BY19.ceab
2273,X.1443.BY19.ceab.enib
2274,X.1443.BY19.enib
2275,X.1443.BY19.LJ16
2276,X.1443.ceab
2277,X.1443.ceab.enib
2278,X.1443.CG97
2279,X.1443.CK20
2280,X.1443.CL57
2281,X.1443.enib
2282,X.1443.HD01
2283,X.1443.LE11
2284,X.1443.LF27.biib
2285,X.1443.LJ49
2286,X.1443.LK36
2287,X.1443.uned
2288,X.1479.5FFU
2289,X.1479.biib
2290,X.1479.BK20
2291,X.1479.BK20.LJ49
2292,X.1479.BY19
2293,X.1479.BY19.biib
2294,X.1479.BY19.ceab
2295,X.1479.BY19.ceab.enib
2296,X.1479.BY19.enib
2297,X.1479.BY19.LJ16
2298,X.1479.ceab
2299,X.1479.ceab.enib
2300,X.1479.CG97
2301,X.1479.CK20
2302,X.1479.CL57
2303,X.1479.enib
2304,X.1479.HD01
2305,X.1479.LE11
2306,X.1479.LJ49
2307,X.1479.LK36
2308,X.1479.uned
2309,X.1500.5FFU
2310,X.1500.biib
2311,X.1500.BK20
2312,X.1500.BK20.LJ49
2313,X.1500.BY19
2314,X.1500.BY19.biib
2315,X.1500.BY19.ceab
2316,X.1500.BY19.ceab.enib
2317,X.1500.BY19.enib
2318,X.1500.BY19.LJ16
2319,X.1500.ceab
2320,X.1500.ceab.enib
2321,X.1500.CG97
2322,X.1500.CK20
2323,X.1500.CL57
2324,X.1500.enib
2325,X.1500.HD01
2326,X.1500.LE11
2327,X.1500.LF27.biib
2328,X.1500.LJ49
2329,X.1500.LK36
2330,X.1500.uned
2331,X.1536.5FFU
2332,X.1536.biib
2333,X.1536.BK20
2334,X.1536.BK20.LJ49
2335,X.1536.BY19
2336,X.1536.BY19.biib
2337,X.1536.BY19.ceab
2338,X.1536.BY19.ceab.enib
2339,X.1536.BY19.enib
2340,X.1536.BY19.LJ16
2341,X.1536.ceab
2342,X.1536.ceab.enib
2343,X.1536.CK20
2344,X.1536.CL57
2345,X.1536.enib
2346,X.1536.HD01
2347,X.1536.LE11
2348,X.1536.LJ49
2349,X.1536.LK36
2350,X.1536.uned
2351,X.1538.BY19
2352,X.1538.BY19.biib
2353,X.1538.ceab
2354,X.1538.CL57
2355,X.1538.enib
2356,X.1538.LE11
2357,X.1538.uned
2358,X.1855.5FFU
2359,X.1855.biib
2360,X.1855.BK20
2361,X.1855.BK20.LJ49
2362,X.1855.BY19
2363,X.1855.BY19.biib
2364,X.1855.BY19.ceab
2365,X.1855.BY19.ceab.enib
2366,X.1855.BY19.enib
2367,X.1855.BY19.LJ16
2368,X.1855.ceab
2369,X.1855.ceab.enib
2370,X.1855.CG97
2371,X.1855.CK20
2372,X.1855.enib
2373,X.1855.HD01
2374,X.1855.LE11
2375,X.1855.LF27.biib
2376,X.1855.LJ49
2377,X.1855.LK36
2378,X.1855.uned
2379,X.2145.5FFU
2380,X.2145.biib
2381,X.2145.BK20
2382,X.2145.BK20.LJ49
2383,X.2145.BY19
2384,X.2145.BY19.biib
2385,X.2145.BY19.ceab
2386,X.2145.BY19.ceab.enib
2387,X.2145.BY19.enib
2388,X.2145.BY19.LJ16
2389,X.2145.ceab
2390,X.2145.ceab.enib
2391,X.2145.CG97
2392,X.2145.CK20
2393,X.2145.CL57
2394,X.2145.enib
2395,X.2145.HD01
2396,X.2145.LE11
2397,X.2145.LF27.biib
2398,X.2145.LJ49
2399,X.2145.LK36
2400,X.2145.uned
2401,X.2182.5FFU
2402,X.2182.biib
2403,X.2182.BK20
2404,X.2182.BK20.LJ49
2405,X.2182.BY19
2406,X.2182.BY19.biib
2407,X.2182.BY19.ceab
2408,X.2182.BY19.ceab.enib
2409,X.2182.BY19.enib
2410,X.2182.BY19.LJ16
2411,X.2182.ceab
2412,X.2182.ceab.enib
2413,X.2182.CG97
2414,X.2182.CK20
2415,X.2182.CL57
2416,X.2182.enib
2417,X.2182.HD01
2418,X.2182.LE11
2419,X.2182.LF27.biib
2420,X.2182.LJ49
2421,X.2182.LK36
2422,X.2182.uned
2423,X.2239.5FFU
2424,X.2239.biib
2425,X.2239.BK20.LJ49
2426,X.2239.BY19
2427,X.2239.BY19.biib
2428,X.2239.BY19.ceab
2429,X.2239.BY19.ceab.enib
2430,X.2239.BY19.enib
2431,X.2239.ceab
2432,X.2239.ceab.enib
2433,X.2239.CL57
2434,X.2239.enib
2435,X.2239.LE11
2436,X.2239.LF27.biib
2437,X.2239.LJ49
2438,X.2239.uned
2439,X.2374.5FFU
2440,X.2374.biib
2441,X.2374.BK20
2442,X.2374.BK20.LJ49
2443,X.2374.BY19
2444,X.2374.BY19.biib
2445,X.2374.BY19.ceab
2446,X.2374.BY19.ceab.enib
2447,X.2374.BY19.enib
2448,X.2374.BY19.LJ16
2449,X.2374.ceab
2450,X.2374.ceab.enib
2451,X.2374.CK20
2452,X.2374.CL57
2453,X.2374.enib
2454,X.2374.HD01
2455,X.2374.LE11
2456,X.2374.LF27.biib
2457,X.2374.LJ49
2458,X.2374.LK36
2459,X.2374.uned
2460,X.2403.5FFU
2461,X.2403.biib
2462,X.2403.BK20
2463,X.2403.BK20.LJ49
2464,X.2403.BY19
2465,X.2403.BY19.biib
2466,X.2403.BY19.ceab
2467,X.2403.BY19.ceab.enib
2468,X.2403.BY19.enib
2469,X.2403.BY19.LJ16
2470,X.2403.ceab
2471,X.2403.ceab.enib
2472,X.2403.CG97
2473,X.2403.CK20
2474,X.2403.CL57
2475,X.2403.enib
2476,X.2403.HD01
2477,X.2403.LE11
2478,X.2403.LJ49
2479,X.2403.LK36
2480,X.2403.uned
2481,X.2483.5FFU
2482,X.2483.biib
2483,X.2483.BK20
2484,X.2483.BK20.LJ49
2485,X.2483.BY19
2486,X.2483.BY19.biib
2487,X.2483.BY19.ceab
2488,X.2483.BY19.ceab.enib
2489,X.2483.BY19.enib
2490,X.2483.BY19.LJ16
2491,X.2483.ceab
2492,X.2483.ceab.enib
2493,X.2483.CG97
2494,X.2483.CK20
2495,X.2483.CL57
2496,X.2483.enib
2497,X.2483.HD01
2498,X.2483.LE11
2499,X.2483.LF27.biib
2500,X.2483.LJ49
2501,X.2483.LK36
2502,X.2483.uned
2503,X.2484.5FFU
2504,X.2484.biib
2505,X.2484.BK20
2506,X.2484.BK20.LJ49
2507,X.2484.BY19
2508,X.2484.BY19.biib
2509,X.2484.BY19.ceab
2510,X.2484.BY19.ceab.enib
2511,X.2484.BY19.enib
2512,X.2484.BY19.LJ16
2513,X.2484.ceab
2514,X.2484.ceab.enib
2515,X.2484.CG97
2516,X.2484.CK20
2517,X.2484.CL57
2518,X.2484.enib
2519,X.2484.HD01
2520,X.2484.LE11
2521,X.2484.LJ49
2522,X.2484.LK36
2523,X.2484.uned
2524,X.2514.LF27.biib
2525,X.2538.5FFU
2526,X.2538.biib
2527,X.2538.BK20
2528,X.2538.BK20.LJ49
2529,X.2538.BY19
2530,X.2538.BY19.biib
2531,X.2538.BY19.ceab
2532,X.2538.BY19.ceab.enib
2533,X.2538.BY19.enib
2534,X.2538.BY19.LJ16
2535,X.2538.ceab
2536,X.2538.ceab.enib
2537,X.2538.CG97
2538,X.2538.CK20
2539,X.2538.CL57
2540,X.2538.enib
2541,X.2538.HD01
2542,X.2538.LE11
2543,X.2538.LJ49
2544,X.2538.LK36
2545,X.2538.uned
2546,X.2573.5FFU
2547,X.2573.biib
2548,X.2573.BK20
2549,X.2573.BK20.LJ49
2550,X.2573.BY19
2551,X.2573.BY19.biib
2552,X.2573.BY19.ceab
2553,X.2573.BY19.ceab.enib
2554,X.2573.BY19.enib
2555,X.2573.BY19.LJ16
2556,X.2573.ceab
2557,X.2573.ceab.enib
2558,X.2573.CG97
2559,X.2573.CK20
2560,X.2573.CL57
2561,X.2573.enib
2562,X.2573.HD01
2563,X.2573.LE11
2564,X.2573.LF27.biib
2565,X.2573.LJ49
2566,X.2573.LK36
2567,X.2573.uned
2568,X.2659.5FFU
2569,X.2659.biib
2570,X.2659.BK20
2571,X.2659.BK20.LJ49
2572,X.2659.BY19
2573,X.2659.BY19.biib
2574,X.2659.BY19.ceab
2575,X.2659.BY19.ceab.enib
2576,X.2659.BY19.enib
2577,X.2659.BY19.LJ16
2578,X.2659.ceab
2579,X.2659.ceab.enib
2580,X.2659.CG97
2581,X.2659.CK20
2582,X.2659.CL57
2583,X.2659.enib
2584,X.2659.HD01
2585,X.2659.LE11
2586,X.2659.LF27.biib
2587,X.2659.LJ49
2588,X.2659.LK36
2589,X.2659.uned
2590,X.2761.LF27.biib
2591,X.2822.5FFU
2592,X.2822.biib
2593,X.2822.BK20
2594,X.2822.BK20.LJ49
2595,X.2822.BY19
2596,X.2822.BY19.biib
2597,X.2822.BY19.ceab
2598,X.2822.BY19.ceab.enib
2599,X.2822.BY19.enib
2600,X.2822.BY19.LJ16
2601,X.2822.ceab
2602,X.2822.ceab.enib
2603,X.2822.CG97
2604,X.2822.CK20
2605,X.2822.CL57
2606,X.2822.enib
2607,X.2822.HD01
2608,X.2822.LE11
2609,X.2822.LJ49
2610,X.2822.LK36
2611,X.2822.uned
2612,X.2846.5FFU
2613,X.2846.biib
2614,X.2846.BK20
2615,X.2846.BK20.LJ49
2616,X.2846.BY19
2617,X.2846.BY19.biib
2618,X.2846.BY19.ceab
2619,X.2846.BY19.ceab.enib
2620,X.2846.BY19.enib
2621,X.2846.BY19.LJ16
2622,X.2846.ceab
2623,X.2846.ceab.enib
2624,X.2846.CG97
2625,X.2846.CK20
2626,X.2846.CL57
2627,X.2846.enib
2628,X.2846.HD01
2629,X.2846.LE11
2630,X.2846.LJ49
2631,X.2846.LK36
2632,X.2846.uned
2633,X.2861.5FFU
2634,X.2861.biib
2635,X.2861.BK20
2636,X.2861.BK20.LJ49
2637,X.2861.BY19
2638,X.2861.BY19.biib
2639,X.2861.BY19.ceab
2640,X.2861.BY19.ceab.enib
2641,X.2861.BY19.enib
2642,X.2861.BY19.LJ16
2643,X.2861.ceab
2644,X.2861.ceab.enib
2645,X.2861.CG97
2646,X.2861.CK20
2647,X.2861.CL57
2648,X.2861.enib
2649,X.2861.HD01
2650,X.2861.LE11
2651,X.2861.LF27.biib
2652,X.2861.LJ49
2653,X.2861.LK36
2654,X.2861.uned
2655,X.3093.5FFU
2656,X.3093.biib
2657,X.3093.BK20
2658,X.3093.BK20.LJ49
2659,X.3093.BY19
2660,X.3093.BY19.biib
2661,X.3093.BY19.ceab
2662,X.3093.BY19.ceab.enib
2663,X.3093.BY19.enib
2664,X.3093.BY19.LJ16
2665,X.3093.ceab
2666,X.3093.ceab.enib
2667,X.3093.CG97
2668,X.3093.CK20
2669,X.3093.CL57
2670,X.3093.enib
2671,X.3093.HD01
2672,X.3093.LE11
2673,X.3093.LJ49
2674,X.3093.LK36
2675,X.3093.uned
2676,X.3205.5FFU
2677,X.3205.biib
2678,X.3205.BK20
2679,X.3205.BK20.LJ49
2680,X.3205.BY19
2681,X.3205.BY19.biib
2682,X.3205.BY19.ceab
2683,X.3205.BY19.ceab.enib
2684,X.3205.BY19.enib
2685,X.3205.BY19.LJ16
2686,X.3205.ceab
2687,X.3205.ceab.enib
2688,X.3205.CG97
2689,X.3205.CK20
2690,X.3205.CL57
2691,X.3205.enib
2692,X.3205.HD01
2693,X.3205.LE11
2694,X.3205.LF27.biib
2695,X.3205.LJ49
2696,X.3205.LK36
2697,X.3205.uned
2698,X.3224.5FFU
2699,X.3224.biib
2700,X.3224.BK20
2701,X.3224.BK20.LJ49
2702,X.3224.BY19
2703,X.3224.BY19.biib
2704,X.3224.BY19.ceab
2705,X.3224.BY19.ceab.enib
2706,X.3224.BY19.enib
2707,X.3224.BY19.LJ16
2708,X.3224.ceab
2709,X.3224.ceab.enib
2710,X.3224.CG97
2711,X.3224.CK20
2712,X.3224.CL57
2713,X.3224.enib
2714,X.3224.HD01
2715,X.3224.LE11
2716,X.3224.LJ49
2717,X.3224.LK36
2718,X.3224.uned
2719,X.3267.5FFU
2720,X.3267.biib
2721,X.3267.BK20
2722,X.3267.BK20.LJ49
2723,X.3267.BY19
2724,X.3267.BY19.biib
2725,X.3267.BY19.ceab
2726,X.3267.BY19.ceab.enib
2727,X.3267.BY19.enib
2728,X.3267.BY19.LJ16
2729,X.3267.ceab
2730,X.3267.ceab.enib
2731,X.3267.CG97
2732,X.3267.CK20
2733,X.3267.CL57
2734,X.3267.enib
2735,X.3267.HD01
2736,X.3267.LE11
2737,X.3267.LJ49
2738,X.3267.LK36
2739,X.3267.uned
2740,X.3671.5FFU
2741,X.3671.biib
2742,X.3671.ceab
2743,X.3671.uned
2744,X.3684.LF27.biib
2745,X.3792.5FFU
2746,X.3792.biib
2747,X.3792.BK20
2748,X.3792.BK20.LJ49
2749,X.3792.BY19
2750,X.3792.BY19.biib
2751,X.3792.BY19.ceab
2752,X.3792.BY19.ceab.enib
2753,X.3792.BY19.enib
2754,X.3792.BY19.LJ16
2755,X.3792.ceab
2756,X.3792.ceab.enib
2757,X.3792.CG97
2758,X.3792.CK20
2759,X.3792.CL57
2760,X.3792.enib
2761,X.3792.HD01
2762,X.3792.LE11
2763,X.3792.LF27.biib
2764,X.3792.LJ49
2765,X.3792.LK36
2766,X.3792.uned
2767,X.4087.5FFU
2768,X.4087.biib
2769,X.4087.BK20
2770,X.4087.BK20.LJ49
2771,X.4087.BY19
2772,X.4087.BY19.biib
2773,X.4087.BY19.ceab
2774,X.4087.BY19.ceab.enib
2775,X.4087.BY19.enib
2776,X.4087.BY19.LJ16
2777,X.4087.ceab
2778,X.4087.ceab.enib
2779,X.4087.CG97
2780,X.4087.CK20
2781,X.4087.CL57
2782,X.4087.enib
2783,X.4087.HD01
2784,X.4087.LE11
2785,X.4087.LF27.biib
2786,X.4087.LJ49
2787,X.4087.LK36
2788,X.4087.uned
2789,X.4145.abne
2790,X.4145.biib
2791,X.4145.bipk
2792,X.4145.BK20
2793,X.4145.BK20.biib
2794,X.4145.BK20.LD25
2795,X.4145.BY19
2796,X.4145.BY19.LJ16
2797,X.4145.CL57
2798,X.4145.fiab
2799,X.4145.fiab.biib
2800,X.4145.gepk
2801,X.4145.HD01
2802,X.4145.IN24
2803,X.4145.IN24.biib
2804,X.4145.LE11
2805,X.4145.LK36
2806,X.4145.trib
2807,X.4145.uned
2808,X.4145.WN74
2809,X.5238.LF27.biib
2810,X.5254.5FFU
2811,X.5254.biib
2812,X.5254.BK20
2813,X.5254.BK20.LJ49
2814,X.5254.BY19
2815,X.5254.BY19.biib
2816,X.5254.BY19.ceab
2817,X.5254.BY19.ceab.enib
2818,X.5254.BY19.enib
2819,X.5254.BY19.LJ16
2820,X.5254.ceab
2821,X.5254.ceab.enib
2822,X.5254.CG97
2823,X.5254.CK20
2824,X.5254.CL57
2825,X.5254.enib
2826,X.5254.HD01
2827,X.5254.LE11
2828,X.5254.LF27.biib
2829,X.5254.LJ49
2830,X.5254.LK36
2831,X.5254.uned
2832,X.5405.5FFU
2833,X.5405.biib
2834,X.5405.BK20
2835,X.5405.BK20.LJ49
2836,X.5405.BY19
2837,X.5405.BY19.biib
2838,X.5405.BY19.ceab
2839,X.5405.BY19.ceab.enib
2840,X.5405.BY19.enib
2841,X.5405.BY19.LJ16
2842,X.5405.ceab
2843,X.5405.ceab.enib
2844,X.5405.CG97
2845,X.5405.CK20
2846,X.5405.CL57
2847,X.5405.enib
2848,X.5405.HD01
2849,X.5405.LE11
2850,X.5405.LJ49
2851,X.5405.LK36
2852,X.5405.uned
2853,X.5421.LF27.biib
2854,X.5438.5FFU
2855,X.5438.biib
2856,X.5438.BK20
2857,X.5438.BK20.LJ49
2858,X.5438.BY19
2859,X.5438.BY19.biib
2860,X.5438.BY19.ceab
2861,X.5438.BY19.ceab.enib
2862,X.5438.BY19.enib
2863,X.5438.BY19.LJ16
2864,X.5438.ceab
2865,X.5438.ceab.enib
2866,X.5438.CG97
2867,X.5438.CK20
2868,X.5438.CL57
2869,X.5438.enib
2870,X.5438.HD01
2871,X.5438.LE11
2872,X.5438.LF27.biib
2873,X.5438.LJ49
2874,X.5438.LK36
2875,X.5438.uned
2876,X.5446.5FFU
2877,X.5446.biib
2878,X.5446.BK20
2879,X.5446.BK20.LJ49
2880,X.5446.BY19
2881,X.5446.BY19.biib
2882,X.5446.BY19.ceab
2883,X.5446.BY19.ceab.enib
2884,X.5446.BY19.enib
2885,X.5446.BY19.LJ16
2886,X.5446.ceab
2887,X.5446.ceab.enib
2888,X.5446.CG97
2889,X.5446.CK20
2890,X.5446.CL57
2891,X.5446.enib
2892,X.5446.HD01
2893,X.5446.LE11
2894,X.5446.LF27.biib
2895,X.5446.LJ49
2896,X.5446.LK36
2897,X.5446.uned
2898,X.5494.5FFU
2899,X.5494.biib
2900,X.5494.BK20
2901,X.5494.BK20.LJ49
2902,X.5494.BY19
2903,X.5494.BY19.biib
2904,X.5494.BY19.ceab.enib
2905,X.5494.BY19.enib
2906,X.5494.BY19.LJ16
2907,X.5494.ceab.enib
2908,X.5494.CG97
2909,X.5494.CK20
2910,X.5494.CL57
2911,X.5494.enib
2912,X.5494.HD01
2913,X.5494.LE11
2914,X.5494.LJ49
2915,X.5494.LK36
2916,X.5494.uned
2917,X.5495.5FFU
2918,X.5495.biib
2919,X.5495.BK20
2920,X.5495.BK20.LJ49
2921,X.5495.BY19
2922,X.5495.BY19.biib
2923,X.5495.BY19.ceab
2924,X.5495.BY19.ceab.enib
2925,X.5495.BY19.enib
2926,X.5495.BY19.LJ16
2927,X.5495.ceab
2928,X.5495.ceab.enib
2929,X.5495.CG97
2930,X.5495.CK20
2931,X.5495.CL57
2932,X.5495.enib
2933,X.5495.HD01
2934,X.5495.LE11
2935,X.5495.LF27.biib
2936,X.5495.LJ49
2937,X.5495.LK36
2938,X.5495.uned
2939,X.5536.LF27.biib
2940,X.5578.5FFU
2941,X.5578.biib
2942,X.5578.BK20
2943,X.5578.BK20.LJ49
2944,X.5578.BY19
2945,X.5578.BY19.biib
2946,X.5578.BY19.ceab
2947,X.5578.BY19.ceab.enib
2948,X.5578.BY19.enib
2949,X.5578.BY19.LJ16
2950,X.5578.ceab
2951,X.5578.ceab.enib
2952,X.5578.CG97
2953,X.5578.CK20
2954,X.5578.CL57
2955,X.5578.enib
2956,X.5578.HD01
2957,X.5578.LE11
2958,X.5578.LJ49
2959,X.5578.LK36
2960,X.5578.uned
2961,X.007.BG98
2962,X.007.biib
2963,X.007.BK20
2964,X.007.BY19
2965,X.007.BY19.HS90
2966,X.007.BY19.LJ16
2967,X.007.CL57
2968,X.007.evus
2969,X.007.fiab
2970,X.007.HD01
2971,X.007.HS90
2972,X.007.IN80
2973,X.007.IN80.trab
2974,X.007.LE11
2975,X.007.LE11.evus
2976,X.007.LJ16
2977,X.007.LJ16.trab
2978,X.007.LL71
2979,X.007.trab
2980,X.010.BG98
2981,X.010.biib
2982,X.010.BK20
2983,X.010.BY19
2984,X.010.BY19.HS90
2985,X.010.BY19.LJ16
2986,X.010.CL57
2987,X.010.evus
2988,X.010.fiab
2989,X.010.HD01
2990,X.010.HS90
2991,X.010.IN80
2992,X.010.IN80.trab
2993,X.010.LE11
2994,X.010.LE11.evus
2995,X.010.LJ16
2996,X.010.LJ16.trab
2997,X.010.LL71
2998,X.010.trab
2999,X.010.uned
3000,X.011.BG98
3001,X.011.biib
3002,X.011.BK20
3003,X.011.BY19
3004,X.011.BY19.HS90
3005,X.011.BY19.LJ16
3006,X.011.CL57
3007,X.011.evus
3008,X.011.fiab
3009,X.011.HD01
3010,X.011.HS90
3011,X.011.IN80
3012,X.011.IN80.trab
3013,X.011.LE11
3014,X.011.LE11.evus
3015,X.011.LJ16
3016,X.011.LJ16.trab
3017,X.011.LL71
3018,X.011.trab
3019,X.015.BG98
3020,X.015.biib
3021,X.015.BK20
3022,X.015.BY19
3023,X.015.BY19.HS90
3024,X.015.BY19.LJ16
3025,X.015.CL57
3026,X.015.evus
3027,X.015.fiab
3028,X.015.HD01
3029,X.015.HS90
3030,X.015.IN80
3031,X.015.IN80.trab
3032,X.015.LE11
3033,X.015.LE11.evus
3034,X.015.LJ16
3035,X.015.LJ16.trab
3036,X.015.LL71
3037,X.015.trab
3038,X.015.uned
3039,X.017.BG98
3040,X.017.biib
3041,X.017.BK20
3042,X.017.BY19
3043,X.017.BY19.HS90
3044,X.017.BY19.LJ16
3045,X.017.CL57
3046,X.017.evus
3047,X.017.fiab
3048,X.017.HD01
3049,X.017.HS90
3050,X.017.IN80
3051,X.017.IN80.trab
3052,X.017.LE11
3053,X.017.LJ16
3054,X.017.LJ16.trab
3055,X.017.LL71
3056,X.017.trab
3057,X.017.uned
3058,X.020.BG98
3059,X.020.biib
3060,X.020.BK20
3061,X.020.BY19
3062,X.020.BY19.HS90
3063,X.020.BY19.LJ16
3064,X.020.CL57
3065,X.020.evus
3066,X.020.fiab
3067,X.020.HD01
3068,X.020.HS90
3069,X.020.IN80
3070,X.020.IN80.trab
3071,X.020.LE11
3072,X.020.LE11.evus
3073,X.020.LJ16
3074,X.020.LJ16.trab
3075,X.020.LL71
3076,X.020.trab
3077,X.020.uned
3078,X.023.BY19
3079,X.023.BY19.HS90
3080,X.023.BY19.LJ16
3081,X.023.evus
3082,X.023.HS90
3083,X.023.LE11
3084,X.023.LE11.evus
3085,X.023.LJ16
3086,X.023.uned
3087,X.024.BY19
3088,X.024.BY19.HS90
3089,X.024.BY19.LJ16
3090,X.024.evus
3091,X.024.HS90
3092,X.024.LE11
3093,X.024.LE11.evus
3094,X.024.LJ16
3095,X.024.uned
3096,X.025.BG98
3097,X.025.biib
3098,X.025.BK20
3099,X.025.BY19
3100,X.025.BY19.HS90
3101,X.025.BY19.LJ16
3102,X.025.CL57
3103,X.025.evus
3104,X.025.fiab
3105,X.025.HD01
3106,X.025.HS90
3107,X.025.IN80
3108,X.025.IN80.trab
3109,X.025.LE11
3110,X.025.LE11.evus
3111,X.025.LJ16
3112,X.025.LJ16.trab
3113,X.025.trab
3114,X.025.uned
3115,X.027.BK20
3116,X.027.BY19
3117,X.027.BY19.HS90
3118,X.027.CL57
3119,X.027.fiab
3120,X.027.HD01
3121,X.027.LE11
3122,X.027.LJ16
3123,X.027.LL71
3124,X.027.trab
3125,X.028.BG98
3126,X.028.biib
3127,X.028.BK20
3128,X.028.BY19
3129,X.028.BY19.HS90
3130,X.028.BY19.LJ16
3131,X.028.CL57
3132,X.028.evus
3133,X.028.fiab
3134,X.028.HD01
3135,X.028.HS90
3136,X.028.IN80
3137,X.028.IN80.trab
3138,X.028.LE11
3139,X.028.LE11.evus
3140,X.028.LJ16
3141,X.028.LJ16.trab
3142,X.028.LL71
3143,X.028.trab
3144,X.029.BG98
3145,X.029.biib
3146,X.029.BK20
3147,X.029.BY19
3148,X.029.BY19.HS90
3149,X.029.BY19.LJ16
3150,X.029.CL57
3151,X.029.evus
3152,X.029.fiab
3153,X.029.HD01
3154,X.029.HS90
3155,X.029.IN80
3156,X.029.IN80.trab
3157,X.029.LE11
3158,X.029.LJ16.trab
3159,X.029.LL71
3160,X.029.trab
3161,X.031.BG98
3162,X.031.biib
3163,X.031.BK20
3164,X.031.BY19
3165,X.031.BY19.HS90
3166,X.031.CL57
3167,X.031.evus
3168,X.031.fiab
3169,X.031.HD01
3170,X.031.HS90
3171,X.031.IN80
3172,X.031.IN80.trab
3173,X.031.LE11
3174,X.031.LE11.evus
3175,X.031.LJ16
3176,X.031.LJ16.trab
3177,X.031.LL71
3178,X.031.trab
3179,X.031.uned
3180,X.034.BG98
3181,X.034.biib
3182,X.034.BK20
3183,X.034.BY19
3184,X.034.BY19.HS90
3185,X.034.BY19.LJ16
3186,X.034.CL57
3187,X.034.evus
3188,X.034.fiab
3189,X.034.HD01
3190,X.034.HS90
3191,X.034.IN80
3192,X.034.IN80.trab
3193,X.034.LE11
3194,X.034.LE11.evus
3195,X.034.LJ16
3196,X.034.LJ16.trab
3197,X.034.LL71
3198,X.034.trab
3199,X.035.BG98
3200,X.035.biib
3201,X.035.BK20
3202,X.035.BY19
3203,X.035.BY19.HS90
3204,X.035.BY19.LJ16
3205,X.035.evus
3206,X.035.fiab
3207,X.035.HD01
3208,X.035.HS90
3209,X.035.IN80.trab
3210,X.035.LE11
3211,X.035.LE11.evus
3212,X.035.LJ16
3213,X.035.LJ16.trab
3214,X.035.LL71
3215,X.035.trab
3216,X.037.BG98
3217,X.037.biib
3218,X.037.BK20
3219,X.037.BY19
3220,X.037.BY19.HS90
3221,X.037.CL57
3222,X.037.evus
3223,X.037.fiab
3224,X.037.HD01
3225,X.037.HS90
3226,X.037.IN80
3227,X.037.IN80.trab
3228,X.037.LE11
3229,X.037.LE11.evus
3230,X.037.LJ16
3231,X.037.LJ16.trab
3232,X.037.LL71
3233,X.037.trab
3234,X.037.uned
3235,X.038.BG98
3236,X.038.biib
3237,X.038.BK20
3238,X.038.BY19
3239,X.038.BY19.HS90
3240,X.038.BY19.LJ16
3241,X.038.CL57
3242,X.038.evus
3243,X.038.fiab
3244,X.038.HD01
3245,X.038.HS90
3246,X.038.IN80
3247,X.038.IN80.trab
3248,X.038.LE11
3249,X.038.LE11.evus
3250,X.038.LJ16
3251,X.038.LJ16.trab
3252,X.038.LL71
3253,X.038.trab
3254,X.038.uned
3255,X.039.BY19
3256,X.039.BY19.HS90
3257,X.039.BY19.LJ16
3258,X.039.evus
3259,X.039.HS90
3260,X.039.LE11
3261,X.039.LE11.evus
3262,X.039.LJ16
3263,X.039.uned
3264,X.050.BY19
3265,X.050.BY19.HS90
3266,X.050.BY19.LJ16
3267,X.050.evus
3268,X.050.HS90
3269,X.050.LE11
3270,X.050.LE11.evus
3271,X.050.LJ16
3272,X.050.uned
3273,X.056.BG98
3274,X.056.biib
3275,X.056.BK20
3276,X.056.BY19
3277,X.056.BY19.HS90
3278,X.056.BY19.LJ16
3279,X.056.CL57
3280,X.056.evus
3281,X.056.fiab
3282,X.056.HD01
3283,X.056.HS90
3284,X.056.IN80
3285,X.056.IN80.trab
3286,X.056.LE11
3287,X.056.LE11.evus
3288,X.056.LJ16
3289,X.056.LJ16.trab
3290,X.056.LL71
3291,X.056.trab
3292,X.056.uned
3293,X.057.BG98
3294,X.057.biib
3295,X.057.BK20
3296,X.057.BY19
3297,X.057.BY19.HS90
3298,X.057.BY19.LJ16
3299,X.057.CL57
3300,X.057.evus
3301,X.057.fiab
3302,X.057.HD01
3303,X.057.HS90
3304,X.057.IN80
3305,X.057.IN80.trab
3306,X.057.LE11
3307,X.057.LE11.evus
3308,X.057.LJ16
3309,X.057.LJ16.trab
3310,X.057.LL71
3311,X.057.trab
3312,X.064.BG98
3313,X.064.biib
3314,X.064.BK20
3315,X.064.BY19
3316,X.064.BY19.HS90
3317,X.064.BY19.LJ16
3318,X.064.CL57
3319,X.064.evus
3320,X.064.fiab
3321,X.064.HD01
3322,X.064.HS90
3323,X.064.IN80
3324,X.064.IN80.trab
3325,X.064.LE11
3326,X.064.LE11.evus
3327,X.064.LJ16
3328,X.064.LJ16.trab
3329,X.064.LL71
3330,X.064.trab
3331,X.065.BG98
3332,X.065.biib
3333,X.065.BK20
3334,X.065.BY19
3335,X.065.BY19.HS90
3336,X.065.BY19.LJ16
3337,X.065.CL57
3338,X.065.evus
3339,X.065.fiab
3340,X.065.HD01
3341,X.065.HS90
3342,X.065.IN80
3343,X.065.IN80.trab
3344,X.065.LE11
3345,X.065.LE11.evus
3346,X.065.LJ16
3347,X.065.LJ16.trab
3348,X.065.LL71
3349,X.065.trab
3350,X.065.uned
3351,X.067.BG98
3352,X.067.biib
3353,X.067.BK20
3354,X.067.BY19
3355,X.067.BY19.HS90
3356,X.067.BY19.LJ16
3357,X.067.CL57
3358,X.067.evus
3359,X.067.fiab
3360,X.067.HD01
3361,X.067.HS90
3362,X.067.IN80
3363,X.067.IN80.trab
3364,X.067.LE11
3365,X.067.LE11.evus
3366,X.067.LJ16
3367,X.067.LJ16.trab
3368,X.067.LL71
3369,X.067.trab
3370,X.074.BY19
3371,X.074.BY19.HS90
3372,X.074.BY19.LJ16
3373,X.074.evus
3374,X.074.HS90
3375,X.074.LE11
3376,X.074.LE11.evus
3377,X.074.LJ16
3378,X.074.uned
3379,X.075.BG98
3380,X.075.biib
3381,X.075.BK20
3382,X.075.BY19
3383,X.075.BY19.HS90
3384,X.075.BY19.LJ16
3385,X.075.CL57
3386,X.075.evus
3387,X.075.fiab
3388,X.075.HD01
3389,X.075.HS90
3390,X.075.IN80
3391,X.075.IN80.trab
3392,X.075.LE11
3393,X.075.LE11.evus
3394,X.075.LJ16
3395,X.075.LJ16.trab
3396,X.075.LL71
3397,X.075.trab
3398,X.077.BG98
3399,X.077.biib
3400,X.077.BK20
3401,X.077.BY19
3402,X.077.BY19.HS90
3403,X.077.BY19.LJ16
3404,X.077.CL57
3405,X.077.evus
3406,X.077.fiab
3407,X.077.HD01
3408,X.077.HS90
3409,X.077.IN80
3410,X.077.IN80.trab
3411,X.077.LE11
3412,X.077.LE11.evus
3413,X.077.LJ16
3414,X.077.LJ16.trab
3415,X.077.trab
3416,X.077.uned
3417,X.078.BY19
3418,X.078.BY19.HS90
3419,X.078.BY19.LJ16
3420,X.078.evus
3421,X.078.HS90
3422,X.078.LE11
3423,X.078.LE11.evus
3424,X.078.LJ16
3425,X.078.uned
3426,X.084.BG98
3427,X.084.biib
3428,X.084.BK20
3429,X.084.BY19
3430,X.084.BY19.HS90
3431,X.084.BY19.LJ16
3432,X.084.CL57
3433,X.084.evus
3434,X.084.fiab
3435,X.084.HD01
3436,X.084.HS90
3437,X.084.IN80
3438,X.084.IN80.trab
3439,X.084.LE11
3440,X.084.LE11.evus
3441,X.084.LJ16
3442,X.084.LJ16.trab
3443,X.084.LL71
3444,X.084.trab
3445,X.089.BG98
3446,X.089.biib
3447,X.089.BK20
3448,X.089.BY19
3449,X.089.BY19.HS90
3450,X.089.evus
3451,X.089.fiab
3452,X.089.HD01
3453,X.089.HS90
3454,X.089.LE11
3455,X.089.LE11.evus
3456,X.089.LJ16
3457,X.089.LJ16.trab
3458,X.089.LL71
3459,X.089.trab
3460,X.090.BG98
3461,X.090.biib
3462,X.090.BK20
3463,X.090.BY19
3464,X.090.BY19.HS90
3465,X.090.BY19.LJ16
3466,X.090.CL57
3467,X.090.evus
3468,X.090.fiab
3469,X.090.HD01
3470,X.090.HS90
3471,X.090.IN80
3472,X.090.IN80.trab
3473,X.090.LE11
3474,X.090.LE11.evus
3475,X.090.LJ16
3476,X.090.LJ16.trab
3477,X.090.LL71
3478,X.090.trab
3479,X.091.BG98
3480,X.091.biib
3481,X.091.BK20
3482,X.091.BY19
3483,X.091.BY19.HS90
3484,X.091.BY19.LJ16
3485,X.091.CL57
3486,X.091.evus
3487,X.091.fiab
3488,X.091.HD01
3489,X.091.HS90
3490,X.091.IN80
3491,X.091.IN80.trab
3492,X.091.LE11
3493,X.091.LE11.evus
3494,X.091.LJ16
3495,X.091.LJ16.trab
3496,X.091.LL71
3497,X.091.trab
3498,X.091.uned
3499,X.096.BG98
3500,X.096.biib
3501,X.096.BY19
3502,X.096.BY19.HS90
3503,X.096.BY19.LJ16
3504,X.096.CL57
3505,X.096.evus
3506,X.096.fiab
3507,X.096.HD01
3508,X.096.HS90
3509,X.096.IN80
3510,X.096.IN80.trab
3511,X.096.LE11
3512,X.096.LE11.evus
3513,X.096.LJ16
3514,X.096.LJ16.trab
3515,X.096.LL71
3516,X.096.trab
3517,X.096.uned
3518,X.097.BG98
3519,X.097.biib
3520,X.097.BK20
3521,X.097.BY19
3522,X.097.BY19.HS90
3523,X.097.BY19.LJ16
3524,X.097.CL57
3525,X.097.evus
3526,X.097.fiab
3527,X.097.HD01
3528,X.097.HS90
3529,X.097.IN80
3530,X.097.IN80.trab
3531,X.097.LE11
3532,X.097.LE11.evus
3533,X.097.LJ16
3534,X.097.LJ16.trab
3535,X.097.LL71
3536,X.097.trab
3537,X.098.BG98
3538,X.098.biib
3539,X.098.BK20
3540,X.098.BY19
3541,X.098.BY19.HS90
3542,X.098.BY19.LJ16
3543,X.098.CL57
3544,X.098.evus
3545,X.098.fiab
3546,X.098.HD01
3547,X.098.HS90
3548,X.098.IN80
3549,X.098.IN80.trab
3550,X.098.LE11
3551,X.098.LE11.evus
3552,X.098.LJ16
3553,X.098.LJ16.trab
3554,X.098.LL71
3555,X.098.trab
3556,X.098.uned
3557,X.099.BG98
3558,X.099.biib
3559,X.099.BY19.HS90
3560,X.099.BY19.LJ16
3561,X.099.CL57
3562,X.099.fiab
3563,X.099.HD01
3564,X.099.HS90
3565,X.099.IN80
3566,X.099.IN80.trab
3567,X.099.LE11
3568,X.099.LE11.evus
3569,X.099.LJ16
3570,X.099.LJ16.trab
3571,X.099.LL71
3572,X.099.trab
3573,X.101.BY19
3574,X.101.BY19.HS90
3575,X.101.BY19.LJ16
3576,X.101.evus
3577,X.101.HS90
3578,X.101.LE11
3579,X.101.LE11.evus
3580,X.101.LJ16
3581,X.101.uned
3582,X.102.BG98
3583,X.102.BK20
3584,X.102.BY19
3585,X.102.BY19.HS90
3586,X.102.BY19.LJ16
3587,X.102.CL57
3588,X.102.HS90
3589,X.102.IN80
3590,X.102.IN80.trab
3591,X.102.LE11
3592,X.102.LJ16
3593,X.102.LJ16.trab
3594,X.102.LL71
3595,X.105.BY19
3596,X.105.BY19.HS90
3597,X.105.BY19.LJ16
3598,X.105.evus
3599,X.105.HS90
3600,X.105.LE11
3601,X.105.LE11.evus
3602,X.105.LJ16
3603,X.105.uned
3604,X.114.biib
3605,X.114.BK20
3606,X.114.BY19
3607,X.114.BY19.HS90
3608,X.114.BY19.LJ16
3609,X.114.CL57
3610,X.114.evus
3611,X.114.HD01
3612,X.114.HS90
3613,X.114.IN80
3614,X.114.IN80.trab
3615,X.114.LE11
3616,X.114.LE11.evus
3617,X.114.LJ16
3618,X.114.LJ16.trab
3619,X.114.LL71
3620,X.114.uned
3621,X.118.BG98
3622,X.118.biib
3623,X.118.BK20
3624,X.118.BY19
3625,X.118.BY19.HS90
3626,X.118.BY19.LJ16
3627,X.118.CL57
3628,X.118.evus
3629,X.118.fiab
3630,X.118.HD01
3631,X.118.HS90
3632,X.118.IN80
3633,X.118.IN80.trab
3634,X.118.LE11
3635,X.118.LE11.evus
3636,X.118.LJ16
3637,X.118.LJ16.trab
3638,X.118.LL71
3639,X.118.trab
3640,X.119.BG98
3641,X.119.biib
3642,X.119.BK20
3643,X.119.BY19
3644,X.119.BY19.HS90
3645,X.119.BY19.LJ16
3646,X.119.CL57
3647,X.119.evus
3648,X.119.fiab
3649,X.119.HD01
3650,X.119.HS90
3651,X.119.IN80
3652,X.119.IN80.trab
3653,X.119.LE11
3654,X.119.LE11.evus
3655,X.119.LJ16
3656,X.119.LJ16.trab
3657,X.119.LL71
3658,X.119.trab
3659,X.127.BG98
3660,X.127.biib
3661,X.127.BK20
3662,X.127.BY19
3663,X.127.BY19.HS90
3664,X.127.BY19.LJ16
3665,X.127.CL57
3666,X.127.evus
3667,X.127.fiab
3668,X.127.HD01
3669,X.127.HS90
3670,X.127.IN80
3671,X.127.IN80.trab
3672,X.127.LE11
3673,X.127.LE11.evus
3674,X.127.LJ16
3675,X.127.LJ16.trab
3676,X.127.LL71
3677,X.127.trab
3678,X.128.BG98
3679,X.128.biib
3680,X.128.BK20
3681,X.128.BY19
3682,X.128.BY19.HS90
3683,X.128.BY19.LJ16
3684,X.128.CL57
3685,X.128.evus
3686,X.128.fiab
3687,X.128.HD01
3688,X.128.HS90
3689,X.128.IN80
3690,X.128.IN80.trab
3691,X.128.LE11
3692,X.128.LE11.evus
3693,X.128.LJ16
3694,X.128.LJ16.trab
3695,X.128.LL71
3696,X.128.trab
3697,X.129.BG98
3698,X.129.biib
3699,X.129.BK20
3700,X.129.BY19
3701,X.129.BY19.HS90
3702,X.129.BY19.LJ16
3703,X.129.CL57
3704,X.129.evus
3705,X.129.fiab
3706,X.129.HD01
3707,X.129.HS90
3708,X.129.IN80
3709,X.129.IN80.trab
3710,X.129.LE11
3711,X.129.LE11.evus
3712,X.129.LJ16
3713,X.129.LJ16.trab
3714,X.129.LL71
3715,X.129.trab
3716,X.129.uned
3717,X.131.BG98
3718,X.131.biib
3719,X.131.BK20
3720,X.131.BY19
3721,X.131.BY19.HS90
3722,X.131.BY19.LJ16
3723,X.131.CL57
3724,X.131.evus
3725,X.131.fiab
3726,X.131.HD01
3727,X.131.HS90
3728,X.131.IN80
3729,X.131.IN80.trab
3730,X.131.LE11
3731,X.131.LE11.evus
3732,X.131.LJ16
3733,X.131.LJ16.trab
3734,X.131.LL71
3735,X.131.trab
3736,X.135.BY19
3737,X.135.BY19.HS90
3738,X.135.BY19.LJ16
3739,X.135.evus
3740,X.135.HS90
3741,X.135.LE11
3742,X.135.LE11.evus
3743,X.135.LJ16
3744,X.135.uned
3745,X.136.BY19
3746,X.136.BY19.HS90
3747,X.136.BY19.LJ16
3748,X.136.evus
3749,X.136.HS90
3750,X.136.LE11
3751,X.136.LE11.evus
3752,X.136.LJ16
3753,X.136.uned
3754,X.137.BY19
3755,X.137.BY19.HS90
3756,X.137.BY19.LJ16
3757,X.137.evus
3758,X.137.HS90
3759,X.137.LE11
3760,X.137.LE11.evus
3761,X.137.LJ16
3762,X.137.uned
3763,X.138.BG98
3764,X.138.biib
3765,X.138.BK20
3766,X.138.BY19
3767,X.138.BY19.HS90
3768,X.138.BY19.LJ16
3769,X.138.CL57
3770,X.138.evus
3771,X.138.fiab
3772,X.138.HD01
3773,X.138.HS90
3774,X.138.IN80
3775,X.138.IN80.trab
3776,X.138.LE11
3777,X.138.LE11.evus
3778,X.138.LJ16
3779,X.138.LJ16.trab
3780,X.138.LL71
3781,X.138.trab
3782,X.141.BY19
3783,X.141.BY19.HS90
3784,X.141.BY19.LJ16
3785,X.141.evus
3786,X.141.HS90
3787,X.141.LE11
3788,X.141.LE11.evus
3789,X.141.LJ16
3790,X.141.uned
3791,X.142.BY19
3792,X.142.BY19.HS90
3793,X.142.BY19.LJ16
3794,X.142.evus
3795,X.142.HS90
3796,X.142.LE11
3797,X.142.LJ16
3798,X.142.uned
3799,X.144.BY19.HS90
3800,X.144.BY19.LJ16
3801,X.144.evus
3802,X.144.HS90
3803,X.144.LE11
3804,X.144.LE11.evus
3805,X.144.LJ16
3806,X.144.uned
3807,X.146.BY19
3808,X.146.BY19.HS90
3809,X.146.BY19.LJ16
3810,X.146.HS90
3811,X.146.LE11
3812,X.146.LE11.evus
3813,X.146.LJ16
3814,X.146.uned
3815,X.154.BG98
3816,X.154.biib
3817,X.154.BK20
3818,X.154.BY19
3819,X.154.BY19.HS90
3820,X.154.BY19.LJ16
3821,X.154.CL57
3822,X.154.evus
3823,X.154.fiab
3824,X.154.HD01
3825,X.154.HS90
3826,X.154.IN80
3827,X.154.IN80.trab
3828,X.154.LE11
3829,X.154.LE11.evus
3830,X.154.LJ16
3831,X.154.LJ16.trab
3832,X.154.trab
3833,X.154.uned
3834,X.158.BG98
3835,X.158.biib
3836,X.158.BK20
3837,X.158.BY19
3838,X.158.BY19.HS90
3839,X.158.CL57
3840,X.158.evus
3841,X.158.fiab
3842,X.158.HD01
3843,X.158.HS90
3844,X.158.IN80
3845,X.158.IN80.trab
3846,X.158.LE11
3847,X.158.LE11.evus
3848,X.158.LJ16
3849,X.158.LJ16.trab
3850,X.158.LL71
3851,X.158.trab
3852,X.158.uned
3853,X.160.BG98
3854,X.160.biib
3855,X.160.BK20
3856,X.160.BY19
3857,X.160.BY19.HS90
3858,X.160.BY19.LJ16
3859,X.160.CL57
3860,X.160.evus
3861,X.160.fiab
3862,X.160.HD01
3863,X.160.HS90
3864,X.160.IN80
3865,X.160.IN80.trab
3866,X.160.LE11
3867,X.160.LE11.evus
3868,X.160.LJ16
3869,X.160.LJ16.trab
3870,X.160.LL71
3871,X.161.BG98
3872,X.161.biib
3873,X.161.BK20
3874,X.161.BY19
3875,X.161.BY19.HS90
3876,X.161.BY19.LJ16
3877,X.161.CL57
3878,X.161.evus
3879,X.161.fiab
3880,X.161.HD01
3881,X.161.HS90
3882,X.161.IN80
3883,X.161.IN80.trab
3884,X.161.LE11
3885,X.161.LE11.evus
3886,X.161.LJ16
3887,X.161.LJ16.trab
3888,X.161.LL71
3889,X.161.trab
3890,X.161.uned
3891,X.162.BY19
3892,X.162.BY19.HS90
3893,X.162.BY19.LJ16
3894,X.162.evus
3895,X.162.HS90
3896,X.162.LE11
3897,X.162.LE11.evus
3898,X.162.uned
3899,X.165.BG98
3900,X.165.biib
3901,X.165.BK20
3902,X.165.BY19
3903,X.165.BY19.HS90
3904,X.165.BY19.LJ16
3905,X.165.evus
3906,X.165.HD01
3907,X.165.HS90
3908,X.165.IN80
3909,X.165.IN80.trab
3910,X.165.LE11.evus
3911,X.165.LJ16
3912,X.165.LJ16.trab
3913,X.166.BG98
3914,X.166.biib
3915,X.166.BK20
3916,X.166.BY19
3917,X.166.BY19.HS90
3918,X.166.BY19.LJ16
3919,X.166.CL57
3920,X.166.evus
3921,X.166.fiab
3922,X.166.HD01
3923,X.166.HS90
3924,X.166.IN80
3925,X.166.IN80.trab
3926,X.166.LE11
3927,X.166.LE11.evus
3928,X.166.LJ16
3929,X.166.LJ16.trab
3930,X.166.LL71
3931,X.166.trab
3932,X.166.uned
3933,X.169.BY19
3934,X.169.BY19.HS90
3935,X.169.BY19.LJ16
3936,X.169.evus
3937,X.169.HS90
3938,X.169.LE11.evus
3939,X.169.LJ16
3940,X.169.uned
3941,X.171.BG98
3942,X.171.biib
3943,X.171.BK20
3944,X.171.BY19
3945,X.171.BY19.HS90
3946,X.171.BY19.LJ16
3947,X.171.CL57
3948,X.171.evus
3949,X.171.fiab
3950,X.171.HD01
3951,X.171.HS90
3952,X.171.IN80
3953,X.171.LE11
3954,X.171.LE11.evus
3955,X.171.LJ16
3956,X.171.LJ16.trab
3957,X.171.LL71
3958,X.171.trab
3959,X.171.uned
3960,X.177.BY19.HS90
3961,X.177.BY19.LJ16
3962,X.177.evus
3963,X.177.HS90
3964,X.177.LE11
3965,X.177.LE11.evus
3966,X.177.LJ16
3967,X.177.uned
3968,X.0991.abne
3969,X.0991.biib
3970,X.0991.bipk
3971,X.0991.BK20.biib
3972,X.0991.BK20.LD25
3973,X.0991.BY19
3974,X.0991.BY19.LJ16
3975,X.0991.CL57
3976,X.0991.fiab
3977,X.0991.fiab.biib
3978,X.0991.gepk
3979,X.0991.HD01
3980,X.0991.IN24
3981,X.0991.IN24.biib
3982,X.0991.LE11
3983,X.0991.LK36
3984,X.0991.trib
3985,X.0991.uned
3986,X.1199.abne
3987,X.1199.biib
3988,X.1199.bipk
3989,X.1199.BK20
3990,X.1199.BK20.biib
3991,X.1199.BK20.LD25
3992,X.1199.BY19
3993,X.1199.BY19.LJ16
3994,X.1199.CL57
3995,X.1199.fiab
3996,X.1199.fiab.biib
3997,X.1199.gepk
3998,X.1199.IN24
3999,X.1199.IN24.biib
4000,X.1199.LE11
4001,X.1199.LK36
4002,X.1199.trib
4003,X.1199.uned
4004,X.1199.WN74
4005,X.1289.abne
4006,X.1289.bipk
4007,X.1289.BK20
4008,X.1289.BY19
4009,X.1289.BY19.LJ16
4010,X.1289.CL57
4011,X.1289.fiab
4012,X.1289.fiab.biib
4013,X.1289.gepk
4014,X.1289.HD01
4015,X.1289.IN24
4016,X.1289.LE11
4017,X.1289.LK36
4018,X.1289.trib
4019,X.1289.uned
4020,X.1289.WN74
4021,X.1317.biib
4022,X.1317.bipk
4023,X.1317.BK20.biib
4024,X.1317.BK20.LD25
4025,X.1317.fiab
4026,X.1317.gepk
4027,X.1317.IN24.biib
4028,X.1317.LE11
4029,X.1317.uned
4030,X.1362.abne
4031,X.1362.biib
4032,X.1362.bipk
4033,X.1362.BK20
4034,X.1362.BK20.biib
4035,X.1362.BK20.LD25
4036,X.1362.BY19
4037,X.1362.BY19.LJ16
4038,X.1362.CL57
4039,X.1362.fiab
4040,X.1362.fiab.biib
4041,X.1362.gepk
4042,X.1362.HD01
4043,X.1362.IN24
4044,X.1362.IN24.biib
4045,X.1362.LE11
4046,X.1362.LK36
4047,X.1362.trib
4048,X.1362.uned
4049,X.1362.WN74
4050,X.1948.abne
4051,X.1948.biib
4052,X.1948.bipk
4053,X.1948.BK20
4054,X.1948.BK20.biib
4055,X.1948.BK20.LD25
4056,X.1948.BY19
4057,X.1948.BY19.LJ16
4058,X.1948.CL57
4059,X.1948.fiab
4060,X.1948.fiab.biib
4061,X.1948.gepk
4062,X.1948.HD01
4063,X.1948.IN24
4064,X.1948.IN24.biib
4065,X.1948.LE11
4066,X.1948.LK36
4067,X.1948.trib
4068,X.1948.uned
4069,X.1948.WN74
4070,X.1959.biib
4071,X.1959.BK20.biib
4072,X.1959.gepk
4073,X.1959.IN24.biib
4074,X.1959.LE11
4075,X.2026.biib
4076,X.2026.BK20
4077,X.2026.BK20.biib
4078,X.2026.BY19
4079,X.2026.BY19.LJ16
4080,X.2026.CL57
4081,X.2026.fiab.biib
4082,X.2026.gepk
4083,X.2026.HD01
4084,X.2026.IN24
4085,X.2026.IN24.biib
4086,X.2026.LK36
4087,X.2026.trib
4088,X.2026.uned
4089,X.2026.WN74
4090,X.2043.abne
4091,X.2043.biib
4092,X.2043.bipk
4093,X.2043.BK20
4094,X.2043.BK20.biib
4095,X.2043.BK20.LD25
4096,X.2043.BY19
4097,X.2043.BY19.LJ16
4098,X.2043.CL57
4099,X.2043.fiab
4100,X.2043.fiab.biib
4101,X.2043.gepk
4102,X.2043.HD01
4103,X.2043.IN24
4104,X.2043.IN24.biib
4105,X.2043.LE11
4106,X.2043.LK36
4107,X.2043.uned
4108,X.2081.biib
4109,X.2081.bipk
4110,X.2081.BK20
4111,X.2081.BK20.biib
4112,X.2081.BK20.LD25
4113,X.2081.BY19
4114,X.2081.BY19.LJ16
4115,X.2081.CL57
4116,X.2081.fiab
4117,X.2081.fiab.biib
4118,X.2081.gepk
4119,X.2081.HD01
4120,X.2081.IN24.biib
4121,X.2081.LE11
4122,X.2081.LK36
4123,X.2081.trib
4124,X.2081.uned
4125,X.2081.WN74
4126,X.2283.abne
4127,X.2283.bipk
4128,X.2283.BK20
4129,X.2283.BY19
4130,X.2283.CL57
4131,X.2283.gepk
4132,X.2283.HD01
4133,X.2283.IN24
4134,X.2283.IN24.biib
4135,X.2283.LE11
4136,X.2283.LK36
4137,X.2283.trib
4138,X.2283.WN74
4139,X.2339.abne
4140,X.2339.biib
4141,X.2339.bipk
4142,X.2339.BK20
4143,X.2339.BK20.biib
4144,X.2339.BY19
4145,X.2339.BY19.LJ16
4146,X.2339.CL57
4147,X.2339.fiab
4148,X.2339.fiab.biib
4149,X.2339.gepk
4150,X.2339.HD01
4151,X.2339.IN24
4152,X.2339.IN24.biib
4153,X.2339.LE11
4154,X.2339.LK36
4155,X.2339.trib
4156,X.2339.uned
4157,X.2339.WN74
4158,X.2428.abne
4159,X.2428.biib
4160,X.2428.bipk
4161,X.2428.BK20
4162,X.2428.BK20.biib
4163,X.2428.BK20.LD25
4164,X.2428.BY19
4165,X.2428.BY19.LJ16
4166,X.2428.CL57
4167,X.2428.fiab
4168,X.2428.fiab.biib
4169,X.2428.gepk
4170,X.2428.HD01
4171,X.2428.IN24
4172,X.2428.LE11
4173,X.2428.LK36
4174,X.2428.trib
4175,X.2428.uned
4176,X.2428.WN74
4177,X.2470.abne
4178,X.2470.bipk
4179,X.2470.BK20
4180,X.2470.BY19
4181,X.2470.CL57
4182,X.2470.fiab
4183,X.2470.fiab.biib
4184,X.2470.IN24
4185,X.2470.LE11
4186,X.2470.LK36
4187,X.2470.trib
4188,X.2470.uned
4189,X.2470.WN74
4190,X.2564.abne
4191,X.2564.biib
4192,X.2564.bipk
4193,X.2564.BK20
4194,X.2564.BK20.biib
4195,X.2564.BK20.LD25
4196,X.2564.BY19
4197,X.2564.BY19.LJ16
4198,X.2564.CL57
4199,X.2564.fiab
4200,X.2564.fiab.biib
4201,X.2564.gepk
4202,X.2564.HD01
4203,X.2564.IN24
4204,X.2564.IN24.biib
4205,X.2564.LE11
4206,X.2564.LK36
4207,X.2564.trib
4208,X.2564.uned
4209,X.2564.WN74
4210,X.2633.abne
4211,X.2633.biib
4212,X.2633.bipk
4213,X.2633.BK20
4214,X.2633.BK20.biib
4215,X.2633.BK20.LD25
4216,X.2633.BY19
4217,X.2633.BY19.LJ16
4218,X.2633.CL57
4219,X.2633.fiab
4220,X.2633.fiab.biib
4221,X.2633.gepk
4222,X.2633.HD01
4223,X.2633.IN24.biib
4224,X.2633.LE11
4225,X.2633.LK36
4226,X.2633.trib
4227,X.2633.uned
4228,X.2633.WN74
4229,X.2684.abne
4230,X.2684.biib
4231,X.2684.bipk
4232,X.2684.BK20
4233,X.2684.BK20.biib
4234,X.2684.BK20.LD25
4235,X.2684.BY19
4236,X.2684.BY19.LJ16
4237,X.2684.CL57
4238,X.2684.fiab
4239,X.2684.fiab.biib
4240,X.2684.HD01
4241,X.2684.IN24
4242,X.2684.IN24.biib
4243,X.2684.LE11
4244,X.2684.LK36
4245,X.2684.trib
4246,X.2684.uned
4247,X.2684.WN74
4248,X.2997.abne
4249,X.2997.biib
4250,X.2997.bipk
4251,X.2997.BK20
4252,X.2997.BK20.biib
4253,X.2997.BK20.LD25
4254,X.2997.BY19
4255,X.2997.BY19.LJ16
4256,X.2997.CL57
4257,X.2997.fiab
4258,X.2997.fiab.biib
4259,X.2997.HD01
4260,X.2997.IN24
4261,X.2997.IN24.biib
4262,X.2997.LE11
4263,X.2997.LK36
4264,X.2997.trib
4265,X.2997.uned
4266,X.3028.abne
4267,X.3028.biib
4268,X.3028.bipk
4269,X.3028.BK20
4270,X.3028.BK20.biib
4271,X.3028.BK20.LD25
4272,X.3028.BY19
4273,X.3028.BY19.LJ16
4274,X.3028.CL57
4275,X.3028.fiab
4276,X.3028.fiab.biib
4277,X.3028.HD01
4278,X.3028.IN24
4279,X.3028.IN24.biib
4280,X.3028.LE11
4281,X.3028.LK36
4282,X.3028.trib
4283,X.3028.uned
4284,X.3028.WN74
4285,X.3038.abne
4286,X.3038.biib
4287,X.3038.bipk
4288,X.3038.BK20
4289,X.3038.BK20.biib
4290,X.3038.BK20.LD25
4291,X.3038.BY19
4292,X.3038.BY19.LJ16
4293,X.3038.CL57
4294,X.3038.fiab
4295,X.3038.fiab.biib
4296,X.3038.HD01
4297,X.3038.IN24
4298,X.3038.IN24.biib
4299,X.3038.LE11
4300,X.3038.LK36
4301,X.3038.trib
4302,X.3038.uned
4303,X.3038.WN74
4304,X.3052.abne
4305,X.3052.biib
4306,X.3052.bipk
4307,X.3052.BK20
4308,X.3052.BK20.biib
4309,X.3052.BK20.LD25
4310,X.3052.BY19
4311,X.3052.BY19.LJ16
4312,X.3052.CL57
4313,X.3052.fiab
4314,X.3052.fiab.biib
4315,X.3052.gepk
4316,X.3052.HD01
4317,X.3052.IN24
4318,X.3052.IN24.biib
4319,X.3052.LE11
4320,X.3052.LK36
4321,X.3052.trib
4322,X.3052.uned
4323,X.3052.WN74
4324,X.3209.abne
4325,X.3209.biib
4326,X.3209.BK20
4327,X.3209.BK20.biib
4328,X.3209.BK20.LD25
4329,X.3209.BY19.LJ16
4330,X.3209.fiab.biib
4331,X.3209.gepk
4332,X.3209.IN24
4333,X.3209.IN24.biib
4334,X.3209.LE11
4335,X.3268.abne
4336,X.3268.biib
4337,X.3268.bipk
4338,X.3268.BK20
4339,X.3268.BK20.biib
4340,X.3268.BK20.LD25
4341,X.3268.BY19
4342,X.3268.BY19.LJ16
4343,X.3268.CL57
4344,X.3268.fiab
4345,X.3268.fiab.biib
4346,X.3268.gepk
4347,X.3268.HD01
4348,X.3268.IN24
4349,X.3268.IN24.biib
4350,X.3268.LE11
4351,X.3268.LK36
4352,X.3268.trib
4353,X.3268.uned
4354,X.3268.WN74
4355,X.3782.abne
4356,X.3782.biib
4357,X.3782.bipk
4358,X.3782.BK20.biib
4359,X.3782.CL57
4360,X.3782.fiab
4361,X.3782.fiab.biib
4362,X.3782.gepk
4363,X.3782.IN24
4364,X.3782.LE11
4365,X.3782.trib
4366,X.3782.uned
4367,X.3782.WN74
4368,X.3800.abne
4369,X.3800.biib
4370,X.3800.BK20
4371,X.3800.BK20.biib
4372,X.3800.BK20.LD25
4373,X.3800.BY19
4374,X.3800.BY19.LJ16
4375,X.3800.CL57
4376,X.3800.fiab
4377,X.3800.fiab.biib
4378,X.3800.gepk
4379,X.3800.HD01
4380,X.3800.IN24
4381,X.3800.IN24.biib
4382,X.3800.LE11
4383,X.3800.LK36
4384,X.3800.trib
4385,X.3800.uned
4386,X.3800.WN74
4387,X.3816.abne
4388,X.3816.biib
4389,X.3816.bipk
4390,X.3816.BK20
4391,X.3816.BK20.biib
4392,X.3816.BY19
4393,X.3816.BY19.LJ16
4394,X.3816.CL57
4395,X.3816.fiab
4396,X.3816.fiab.biib
4397,X.3816.gepk
4398,X.3816.HD01
4399,X.3816.IN24
4400,X.3816.IN24.biib
4401,X.3816.LE11
4402,X.3816.LK36
4403,X.3816.trib
4404,X.3816.uned
4405,X.3816.WN74
4406,X.3846.abne
4407,X.3846.biib
4408,X.3846.bipk
4409,X.3846.BK20
4410,X.3846.BK20.biib
4411,X.3846.BK20.LD25
4412,X.3846.BY19
4413,X.3846.CL57
4414,X.3846.fiab
4415,X.3846.fiab.biib
4416,X.3846.gepk
4417,X.3846.HD01
4418,X.3846.IN24
4419,X.3846.IN24.biib
4420,X.3846.LK36
4421,X.3846.trib
4422,X.3846.uned
4423,X.3846.WN74
4424,X.3898.abne
4425,X.3898.biib
4426,X.3898.bipk
4427,X.3898.BK20
4428,X.3898.BK20.biib
4429,X.3898.BK20.LD25
4430,X.3898.BY19
4431,X.3898.BY19.LJ16
4432,X.3898.fiab
4433,X.3898.fiab.biib
4434,X.3898.gepk
4435,X.3898.HD01
4436,X.3898.IN24
4437,X.3898.IN24.biib
4438,X.3898.LE11
4439,X.3898.LK36
4440,X.3898.trib
4441,X.3898.uned
4442,X.3898.WN74
4443,X.3947.abne
4444,X.3947.biib
4445,X.3947.bipk
4446,X.3947.BK20
4447,X.3947.BK20.biib
4448,X.3947.BK20.LD25
4449,X.3947.BY19
4450,X.3947.BY19.LJ16
4451,X.3947.CL57
4452,X.3947.fiab
4453,X.3947.fiab.biib
4454,X.3947.gepk
4455,X.3947.HD01
4456,X.3947.IN24
4457,X.3947.IN24.biib
4458,X.3947.LE11
4459,X.3947.LK36
4460,X.3947.trib
4461,X.3947.uned
4462,X.3947.WN74
4463,X.3990.abne
4464,X.3990.biib
4465,X.3990.bipk
4466,X.3990.BK20
4467,X.3990.BK20.biib
4468,X.3990.BK20.LD25
4469,X.3990.BY19
4470,X.3990.BY19.LJ16
4471,X.3990.CL57
4472,X.3990.fiab
4473,X.3990.fiab.biib
4474,X.3990.gepk
4475,X.3990.HD01
4476,X.3990.IN24
4477,X.3990.IN24.biib
4478,X.3990.LE11
4479,X.3990.LK36
4480,X.3990.trib
4481,X.3990.uned
4482,X.3990.WN74
4483,X.4015.abne
4484,X.4015.biib
4485,X.4015.BK20.biib
4486,X.4015.BK20.LD25
4487,X.4015.BY19
4488,X.4015.BY19.LJ16
4489,X.4015.CL57
4490,X.4015.fiab
4491,X.4015.fiab.biib
4492,X.4015.gepk
4493,X.4015.HD01
4494,X.4015.IN24
4495,X.4015.IN24.biib
4496,X.4015.LK36
4497,X.4015.uned
4498,X.4015.WN74
4499,X.4018.abne
4500,X.4018.biib
4501,X.4018.bipk
4502,X.4018.BK20
4503,X.4018.BK20.biib
4504,X.4018.BK20.LD25
4505,X.4018.BY19
4506,X.4018.CL57
4507,X.4018.fiab
4508,X.4018.fiab.biib
4509,X.4018.gepk
4510,X.4018.HD01
4511,X.4018.IN24.biib
4512,X.4018.LE11
4513,X.4018.LK36
4514,X.4018.trib
4515,X.4018.uned
4516,X.4018.WN74
4517,X.4215.abne
4518,X.4215.biib
4519,X.4215.bipk
4520,X.4215.BK20
4521,X.4215.BK20.LD25
4522,X.4215.BY19
4523,X.4215.BY19.LJ16
4524,X.4215.CL57
4525,X.4215.fiab
4526,X.4215.fiab.biib
4527,X.4215.gepk
4528,X.4215.HD01
4529,X.4215.IN24
4530,X.4215.IN24.biib
4531,X.4215.LE11
4532,X.4215.LK36
4533,X.4215.trib
4534,X.4215.uned
4535,X.4215.WN74
4536,X.4226.abne
4537,X.4226.biib
4538,X.4226.bipk
4539,X.4226.BK20
4540,X.4226.BK20.biib
4541,X.4226.BK20.LD25
4542,X.4226.BY19
4543,X.4226.BY19.LJ16
4544,X.4226.CL57
4545,X.4226.fiab
4546,X.4226.fiab.biib
4547,X.4226.gepk
4548,X.4226.HD01
4549,X.4226.IN24
4550,X.4226.IN24.biib
4551,X.4226.LE11
4552,X.4226.LK36
4553,X.4226.trib
4554,X.4226.uned
4555,X.4226.WN74
4556,X.4316.abne
4557,X.4316.biib
4558,X.4316.bipk
4559,X.4316.BK20
4560,X.4316.BK20.LD25
4561,X.4316.BY19
4562,X.4316.BY19.LJ16
4563,X.4316.CL57
4564,X.4316.fiab
4565,X.4316.fiab.biib
4566,X.4316.gepk
4567,X.4316.HD01
4568,X.4316.IN24
4569,X.4316.LE11
4570,X.4316.LK36
4571,X.4316.trib
4572,X.4316.uned
4573,X.4316.WN74
4574,X.4377.abne
4575,X.4377.biib
4576,X.4377.bipk
4577,X.4377.BK20
4578,X.4377.BK20.biib
4579,X.4377.BK20.LD25
4580,X.4377.BY19
4581,X.4377.CL57
4582,X.4377.fiab
4583,X.4377.fiab.biib
4584,X.4377.gepk
4585,X.4377.HD01
4586,X.4377.IN24
4587,X.4377.IN24.biib
4588,X.4377.LE11
4589,X.4377.LK36
4590,X.4377.trib
4591,X.4377.WN74
4592,X.4378.abne
4593,X.4378.biib
4594,X.4378.bipk
4595,X.4378.BK20
4596,X.4378.BK20.biib
4597,X.4378.BK20.LD25
4598,X.4378.BY19
4599,X.4378.BY19.LJ16
4600,X.4378.CL57
4601,X.4378.fiab
4602,X.4378.fiab.biib
4603,X.4378.gepk
4604,X.4378.HD01
4605,X.4378.IN24
4606,X.4378.IN24.biib
4607,X.4378.LE11
4608,X.4378.LK36
4609,X.4378.trib
4610,X.4378.uned
4611,X.4378.WN74
4612,X.4439.abne
4613,X.4439.biib
4614,X.4439.bipk
4615,X.4439.BK20
4616,X.4439.BK20.biib
4617,X.4439.BK20.LD25
4618,X.4439.BY19
4619,X.4439.BY19.LJ16
4620,X.4439.CL57
4621,X.4439.fiab
4622,X.4439.fiab.biib
4623,X.4439.gepk
4624,X.4439.HD01
4625,X.4439.IN24
4626,X.4439.IN24.biib
4627,X.4439.LE11
4628,X.4439.LK36
4629,X.4439.trib
4630,X.4439.uned
4631,X.4439.WN74
4632,X.4649.abne
4633,X.4649.biib
4634,X.4649.bipk
4635,X.4649.BK20
4636,X.4649.BK20.biib
4637,X.4649.BK20.LD25
4638,X.4649.BY19
4639,X.4649.BY19.LJ16
4640,X.4649.CL57
4641,X.4649.fiab
4642,X.4649.fiab.biib
4643,X.4649.gepk
4644,X.4649.HD01
4645,X.4649.IN24
4646,X.4649.IN24.biib
4647,X.4649.LE11
4648,X.4649.LK36
4649,X.4649.trib
4650,X.4649.uned
4651,X.4649.WN74
4652,X.4676.abne
4653,X.4676.biib
4654,X.4676.bipk
4655,X.4676.BK20
4656,X.4676.BK20.biib
4657,X.4676.BK20.LD25
4658,X.4676.BY19
4659,X.4676.BY19.LJ16
4660,X.4676.CL57
4661,X.4676.fiab
4662,X.4676.fiab.biib
4663,X.4676.gepk
4664,X.4676.HD01
4665,X.4676.IN24
4666,X.4676.IN24.biib
4667,X.4676.LE11
4668,X.4676.LK36
4669,X.4676.trib
4670,X.4676.uned
4671,X.4676.WN74
4672,X.4927.abne
4673,X.4927.biib
4674,X.4927.bipk
4675,X.4927.BK20
4676,X.4927.BK20.biib
4677,X.4927.BK20.LD25
4678,X.4927.BY19
4679,X.4927.BY19.LJ16
4680,X.4927.fiab
4681,X.4927.fiab.biib
4682,X.4927.gepk
4683,X.4927.HD01
4684,X.4927.IN24
4685,X.4927.IN24.biib
4686,X.4927.LE11
4687,X.4927.LK36
4688,X.4927.trib
4689,X.4927.uned
4690,X.4927.WN74
4691,X.5205.biib
4692,X.5205.bipk
4693,X.5205.BK20
4694,X.5205.BK20.biib
4695,X.5205.BK20.LD25
4696,X.5205.BY19
4697,X.5205.BY19.LJ16
4698,X.5205.CL57
4699,X.5205.fiab
4700,X.5205.gepk
4701,X.5205.HD01
4702,X.5205.IN24.biib
4703,X.5205.LK36
4704,X.5205.trib
4705,X.5205.uned
4706,X.5205.WN74
